-- phpMyAdmin SQL Dump
-- version 5.2.1
-- https://www.phpmyadmin.net/
--
-- Vært: mysql
-- Genereringstid: 29. 11 2024 kl. 16:38:21
-- Serverversion: 9.0.1
-- PHP-version: 8.2.8

SET SQL_MODE = "NO_AUTO_VALUE_ON_ZERO";
START TRANSACTION;
SET time_zone = "+00:00";


/*!40101 SET @OLD_CHARACTER_SET_CLIENT=@@CHARACTER_SET_CLIENT */;
/*!40101 SET @OLD_CHARACTER_SET_RESULTS=@@CHARACTER_SET_RESULTS */;
/*!40101 SET @OLD_COLLATION_CONNECTION=@@COLLATION_CONNECTION */;
/*!40101 SET NAMES utf8mb4 */;

--
-- Database: `company`
--

-- --------------------------------------------------------

--
-- Struktur-dump for tabellen `items`
--

CREATE TABLE `items` (
  `item_pk` char(36) NOT NULL,
  `item_user_fk` char(36) DEFAULT NULL,
  `item_title` varchar(50) NOT NULL,
  `item_price` decimal(5,2) NOT NULL,
  `item_image_1` varchar(50) DEFAULT NULL,
  `item_image_2` varchar(50) DEFAULT NULL,
  `item_image_3` varchar(50) DEFAULT NULL,
  `item_created_at` int UNSIGNED DEFAULT NULL,
  `item_deleted_at` int UNSIGNED DEFAULT NULL,
  `item_blocked_at` int UNSIGNED DEFAULT NULL,
  `item_updated_at` int UNSIGNED DEFAULT NULL
) ENGINE=InnoDB DEFAULT CHARSET=utf8mb4 COLLATE=utf8mb4_0900_ai_ci;

--
-- Data dump for tabellen `items`
--

INSERT INTO `items` (`item_pk`, `item_user_fk`, `item_title`, `item_price`, `item_image_1`, `item_image_2`, `item_image_3`, `item_created_at`, `item_deleted_at`, `item_blocked_at`, `item_updated_at`) VALUES
('0026ec21-4bd3-475d-956d-3792b6bab1f7', '0297439a-8e99-42d9-966b-98d7207ab861', 'Beef Brisket', 890.24, 'dish_33.jpg', 'dish_33.jpg', 'dish_33.jpg', 1732898264, 0, 0, 0),
('00a17f34-5ba6-4d24-b34f-ddbd3cf99714', '9ddbd265-8daf-49df-a556-4b89a7e22a72', 'Shrimp Scampi', 746.54, 'dish_8.jpg', 'dish_8.jpg', 'dish_8.jpg', 1732898264, 0, 0, 0),
('01eaa719-4d85-4337-a614-94c47f5aa33e', '60468876-7a70-441a-a190-83897ddaee5d', 'Pork Ribs', 917.28, 'dish_36.jpg', 'dish_36.jpg', 'dish_36.jpg', 1732898264, 0, 0, 0),
('031ba741-208d-4c23-8967-267c83a7e098', '03a7878a-1d43-4e9a-ba49-4bc98a48e591', 'Baked Ziti', 690.70, 'dish_46.jpg', 'dish_46.jpg', 'dish_46.jpg', 1732898264, 0, 0, 0),
('044b1893-63c9-4fc8-97ac-ca65333ed6f2', '9306e69c-f64f-4ca9-b0cb-2c6ddaf68c22', 'Maki Sushi', 793.86, 'dish_36.jpg', 'dish_36.jpg', 'dish_36.jpg', 1732898264, 0, 0, 0),
('04519469-18ff-4664-b79b-c46304532878', '95b246d2-dc8d-44d8-9b82-24d1194b3f09', 'Chicken Shawarma', 955.45, 'dish_83.jpg', 'dish_83.jpg', 'dish_83.jpg', 1732898264, 0, 0, 0),
('04c93260-5de3-43d9-a381-47697f8b1b1a', '39843d84-114c-4b39-8afe-d5c4d110f77d', 'Frittata', 998.58, 'dish_99.jpg', 'dish_99.jpg', 'dish_99.jpg', 1732898264, 0, 0, 0),
('04dab8e5-d48a-4fa8-ab0e-4ccb2d381b08', 'b57fb801-8d8d-42c6-8c39-b966fac70cc3', 'Poutine', 932.01, 'dish_91.jpg', 'dish_91.jpg', 'dish_91.jpg', 1732898264, 0, 0, 0),
('0534a76b-a7d2-4e1f-99e6-f30f6d2516a6', 'bfd5d131-da48-4c4e-a47d-ba872d60572e', 'Enchiladas', 500.66, 'dish_87.jpg', 'dish_87.jpg', 'dish_87.jpg', 1732898264, 0, 0, 0),
('05e23e40-1d65-47cd-b7e0-3dac364f25c4', 'f8ecacea-cdd5-412e-9b85-7044d52323b9', 'Chicken Tikka Masala', 782.65, 'dish_28.jpg', 'dish_28.jpg', 'dish_28.jpg', 1732898264, 0, 0, 0),
('073d0586-e502-4dd9-85f6-2adce823d3aa', '02fd96df-d20f-4aee-8cdd-61c03f1f94f3', 'Blini with Caviar', 800.01, 'dish_45.jpg', 'dish_45.jpg', 'dish_45.jpg', 1732898264, 0, 0, 0),
('0c490570-1aa8-4f63-af66-eac4a3b08784', '55305bb3-0185-4d36-a972-2c9e89821b27', 'Risotto', 802.56, 'dish_87.jpg', 'dish_87.jpg', 'dish_87.jpg', 1732898264, 0, 0, 0),
('0dd0243a-7c05-4cc0-b839-9b82df816807', '0c93e9b0-e6c2-4ee7-906c-fd36a0d473cd', 'Tortilla Española', 744.59, 'dish_53.jpg', 'dish_53.jpg', 'dish_53.jpg', 1732898264, 0, 0, 0),
('0e338f25-a00c-4e6b-afc0-d8d8df85bce9', '8e3607a2-4c50-428f-a291-1f8ce4b75584', 'Tortilla Española', 745.35, 'dish_21.jpg', 'dish_21.jpg', 'dish_21.jpg', 1732898264, 0, 0, 0),
('0fea9c33-065d-4b0d-bfd0-455e92097dae', '5e164027-d87b-4c97-8402-a373d5bfb03e', 'Shawarma', 946.53, 'dish_50.jpg', 'dish_50.jpg', 'dish_50.jpg', 1732898264, 0, 0, 0),
('10cbef5b-0fe4-4295-9707-03bd2503b830', 'ac27339e-529b-4888-8557-8df897e49a60', 'Tofu Stir Fry', 833.76, 'dish_33.jpg', 'dish_33.jpg', 'dish_33.jpg', 1732898264, 0, 0, 0),
('11e6cce1-6e1b-42f2-a527-cc5734d338c3', '4dba19bb-1e18-451d-9b85-c6aa65cfb30e', 'Samosas', 648.34, 'dish_92.jpg', 'dish_92.jpg', 'dish_92.jpg', 1732898264, 0, 0, 0),
('12073f85-a158-45fb-a802-ec70811529e6', '0feef8fa-6c52-4578-953f-583ffc867139', 'Empanadas', 790.26, 'dish_96.jpg', 'dish_96.jpg', 'dish_96.jpg', 1732898264, 0, 0, 0),
('126e9d03-f0e5-46a1-ab9d-6e68c8bd0751', '378dd9bf-ac7e-4766-a9a2-6799a23e59ac', 'Pork Ribs', 540.87, 'dish_97.jpg', 'dish_97.jpg', 'dish_97.jpg', 1732898264, 0, 0, 0),
('13057413-1141-47c6-845a-f2585e36cc49', '03a7878a-1d43-4e9a-ba49-4bc98a48e591', 'Sweet and Sour Pork', 903.84, 'dish_68.jpg', 'dish_68.jpg', 'dish_68.jpg', 1732898264, 0, 0, 0),
('1406ad21-0b6b-4510-8721-4920db15c82c', '7e1304ec-255c-4c9e-bd92-dc069a51fd5f', 'Lamb Tagine', 951.21, 'dish_81.jpg', 'dish_81.jpg', 'dish_81.jpg', 1732898264, 0, 0, 0),
('1423246b-7fa0-4d1f-a0da-fe3d6721c242', 'a139dabe-691b-4d42-b9aa-2fe1ee4d476f', 'Croissant', 910.75, 'dish_63.jpg', 'dish_63.jpg', 'dish_63.jpg', 1732898264, 0, 0, 0),
('14a190d0-3acf-438b-9cd8-1c9f142b8c9c', '4f1d5548-7bce-4680-9756-e17feb528f39', 'Falafel Wrap', 682.93, 'dish_97.jpg', 'dish_97.jpg', 'dish_97.jpg', 1732898264, 0, 0, 0),
('14a582ad-2ff9-4d86-ae07-a5ed49310489', '55305bb3-0185-4d36-a972-2c9e89821b27', 'Dim Sum', 599.28, 'dish_60.jpg', 'dish_60.jpg', 'dish_60.jpg', 1732898264, 0, 0, 0),
('15f2a4ed-559a-4198-82d8-2acbba8139e6', 'dccbe4cd-10b7-43b4-b736-edf8d6df3c4e', 'Hot Pot', 856.56, 'dish_99.jpg', 'dish_99.jpg', 'dish_99.jpg', 1732898264, 0, 0, 0),
('160c056e-1524-43bb-9192-fc27e9a55567', '337741e3-ddf8-46a6-a327-550fc3c0f961', 'Nasi Goreng', 596.56, 'dish_3.jpg', 'dish_3.jpg', 'dish_3.jpg', 1732898264, 0, 0, 0),
('162df517-6084-4051-9f14-657e60523dcc', 'c724567b-6538-40fe-8b0b-9e2037a46997', 'Poutine', 944.35, 'dish_69.jpg', 'dish_69.jpg', 'dish_69.jpg', 1732898264, 0, 0, 0),
('17cd189c-c4c5-4e74-ad91-fabdf5216b7d', '2413e2e1-0807-4314-977d-69eabc27ea0e', 'Peking Duck', 655.57, 'dish_29.jpg', 'dish_29.jpg', 'dish_29.jpg', 1732898264, 0, 0, 0),
('18078aca-a9aa-4793-b908-3fb0d7d4b6f0', '4dba19bb-1e18-451d-9b85-c6aa65cfb30e', 'Hamburger', 941.40, 'dish_96.jpg', 'dish_96.jpg', 'dish_96.jpg', 1732898264, 0, 0, 0),
('181cf15f-44a6-466d-89a8-3a3592e67b6a', 'a139dabe-691b-4d42-b9aa-2fe1ee4d476f', 'Caesar Salad', 858.80, 'dish_94.jpg', 'dish_94.jpg', 'dish_94.jpg', 1732898264, 0, 0, 0),
('18efee8e-72a2-4cdb-8742-0dab5eb14a13', 'bfd5d131-da48-4c4e-a47d-ba872d60572e', 'Masala Dosa', 669.68, 'dish_43.jpg', 'dish_43.jpg', 'dish_43.jpg', 1732898264, 0, 0, 0),
('1970a1bf-e6b8-4f62-ba82-fd7a996d094b', '39843d84-114c-4b39-8afe-d5c4d110f77d', 'Arancini', 761.12, 'dish_5.jpg', 'dish_5.jpg', 'dish_5.jpg', 1732898264, 0, 0, 0),
('19ce6953-eadd-476b-8e97-b636ae72a03c', '39843d84-114c-4b39-8afe-d5c4d110f77d', 'Beef Brisket', 932.87, 'dish_5.jpg', 'dish_5.jpg', 'dish_5.jpg', 1732898264, 0, 0, 0),
('1a0453dd-14e0-4f22-9386-6b7ece710f2e', 'e38d6471-de53-4a4e-a926-d521f064632f', 'Gado-Gado', 834.49, 'dish_10.jpg', 'dish_10.jpg', 'dish_10.jpg', 1732898264, 0, 0, 0),
('1b8d91a8-ef4d-4e47-a224-18716a217ab5', '7e1304ec-255c-4c9e-bd92-dc069a51fd5f', 'Frittata', 721.92, 'dish_73.jpg', 'dish_73.jpg', 'dish_73.jpg', 1732898264, 0, 0, 0),
('1bf555b6-500e-4bc3-b70c-5eb8a391d384', 'ac27339e-529b-4888-8557-8df897e49a60', 'Bibimbap', 642.22, 'dish_28.jpg', 'dish_28.jpg', 'dish_28.jpg', 1732898264, 0, 0, 0),
('1c90ee05-786a-4f90-8549-ce82f6d314d3', '74ce0c53-7ded-4052-947e-3334b87ceaf5', 'Risotto', 916.00, 'dish_67.jpg', 'dish_67.jpg', 'dish_67.jpg', 1732898264, 0, 0, 0),
('1ddaf7b6-45d0-437f-a722-46bb16ddc108', '0127c6d4-539c-4c13-b7b8-3736382f43a6', 'Arancini', 851.07, 'dish_59.jpg', 'dish_59.jpg', 'dish_59.jpg', 1732898264, 0, 0, 0),
('1e68d1f6-a765-4ac0-9ab7-3bfea8c263b0', 'ddb425fa-af52-409b-9e15-ee15944e6ee5', 'Enchiladas', 744.17, 'dish_35.jpg', 'dish_35.jpg', 'dish_35.jpg', 1732898264, 0, 0, 0),
('2053bb19-0dc7-48c1-932a-a600948b156c', '02fd96df-d20f-4aee-8cdd-61c03f1f94f3', 'Chicken Shawarma', 981.97, 'dish_84.jpg', 'dish_84.jpg', 'dish_84.jpg', 1732898264, 0, 0, 0),
('209f1cb4-da5c-4051-919d-6ec854077dca', '9306e69c-f64f-4ca9-b0cb-2c6ddaf68c22', 'Tiramisu', 701.59, 'dish_18.jpg', 'dish_18.jpg', 'dish_18.jpg', 1732898264, 0, 0, 0),
('20a14342-8106-40e8-99bd-dec77b3423a9', '4f1d5548-7bce-4680-9756-e17feb528f39', 'Fajitas', 696.53, 'dish_72.jpg', 'dish_72.jpg', 'dish_72.jpg', 1732898264, 0, 0, 0),
('2195814f-e0c3-4b12-865a-7bd3eb84471e', '836b8972-f314-456f-8770-5ac853683824', 'Bulgogi', 725.25, 'dish_92.jpg', 'dish_92.jpg', 'dish_92.jpg', 1732898264, 0, 0, 0),
('21e4fe40-c6eb-47ce-b70d-a15eec79e7c4', 'cc71c2fa-1ae9-44b4-9589-90e00787ac42', 'Enchiladas', 717.33, 'dish_71.jpg', 'dish_71.jpg', 'dish_71.jpg', 1732898264, 0, 0, 0),
('22295a9f-9985-4add-bd67-97c1f3869715', 'b57fb801-8d8d-42c6-8c39-b966fac70cc3', 'Moussaka', 852.88, 'dish_36.jpg', 'dish_36.jpg', 'dish_36.jpg', 1732898264, 0, 0, 0),
('23450c2d-a0c1-468f-8cd6-5e3a225fcf33', 'ca84011a-7be7-4eda-9c04-fccee0ad02ea', 'Hummus', 992.41, 'dish_25.jpg', 'dish_25.jpg', 'dish_25.jpg', 1732898264, 0, 0, 0),
('2404e1f3-b9ac-4203-ba5b-b7b2ffdc003a', '444be641-bc62-410e-9d11-264937f6099a', 'Fajitas', 998.14, 'dish_62.jpg', 'dish_62.jpg', 'dish_62.jpg', 1732898264, 0, 0, 0),
('24d0871c-b1be-4075-8c83-6b9c87e02494', '444be641-bc62-410e-9d11-264937f6099a', 'Chicken Alfredo', 636.54, 'dish_17.jpg', 'dish_17.jpg', 'dish_17.jpg', 1732898264, 0, 0, 0),
('25303b4c-d1de-4398-805a-6fd3223a10bd', 'd9451ecc-2450-4d1f-aade-419085117691', 'Biryani', 636.50, 'dish_7.jpg', 'dish_7.jpg', 'dish_7.jpg', 1732898264, 0, 0, 0),
('27f869bb-f336-4b0a-a3b2-7c1c1ba91c6e', '8269a3e9-b64b-4cfd-8495-4b02093bc449', 'Clam Chowder', 862.70, 'dish_22.jpg', 'dish_22.jpg', 'dish_22.jpg', 1732898264, 0, 0, 0),
('2a6872a9-de20-4a3e-a7ff-fc97eaf0b4d6', '74ce0c53-7ded-4052-947e-3334b87ceaf5', 'Jambalaya', 624.22, 'dish_14.jpg', 'dish_14.jpg', 'dish_14.jpg', 1732898264, 0, 0, 0),
('2baf3da8-88cb-4de2-8649-cbbf8918b19a', 'dc47e3e3-38be-468c-9e02-2c4f7309abfa', 'Paella', 889.78, 'dish_84.jpg', 'dish_84.jpg', 'dish_84.jpg', 1732898264, 0, 0, 0),
('2bd7772c-b7ba-4c33-a8a5-4556b88e624f', 'bfd5d131-da48-4c4e-a47d-ba872d60572e', 'Gnocchi', 689.52, 'dish_64.jpg', 'dish_64.jpg', 'dish_64.jpg', 1732898264, 0, 0, 0),
('2cb9e124-b64b-4611-a008-5b3b9107ab95', '0127c6d4-539c-4c13-b7b8-3736382f43a6', 'Beef Stroganoff', 842.05, 'dish_14.jpg', 'dish_14.jpg', 'dish_14.jpg', 1732898264, 0, 0, 0),
('2cf71b94-cc54-4a6a-8ca2-a3041b74e5aa', 'c724567b-6538-40fe-8b0b-9e2037a46997', 'Chicken Fried Rice', 892.16, 'dish_35.jpg', 'dish_35.jpg', 'dish_35.jpg', 1732898264, 0, 0, 0),
('30608f7c-2813-4596-9120-d6517b377cff', '8e3607a2-4c50-428f-a291-1f8ce4b75584', 'Frittata', 794.26, 'dish_17.jpg', 'dish_17.jpg', 'dish_17.jpg', 1732898264, 0, 0, 0),
('312cb6d0-852a-4e8b-a7b9-dd61fbad1ceb', '02fd96df-d20f-4aee-8cdd-61c03f1f94f3', 'Tofu Stir Fry', 837.07, 'dish_55.jpg', 'dish_55.jpg', 'dish_55.jpg', 1732898264, 0, 0, 0),
('31bc2218-d502-4e44-a2f5-32a877bfcad9', '0297439a-8e99-42d9-966b-98d7207ab861', 'Schnitzel', 963.51, 'dish_71.jpg', 'dish_71.jpg', 'dish_71.jpg', 1732898264, 0, 0, 0),
('3326303c-4bbc-4472-9c35-92dc90bfcc60', '55305bb3-0185-4d36-a972-2c9e89821b27', 'Gnocchi', 528.27, 'dish_4.jpg', 'dish_4.jpg', 'dish_4.jpg', 1732898264, 0, 0, 0),
('332bd778-5a60-4375-af98-f6c9367a271b', '5e67148d-5296-47e9-a8c5-3736104434aa', 'Crab Cakes', 691.18, 'dish_20.jpg', 'dish_20.jpg', 'dish_20.jpg', 1732898264, 0, 0, 0),
('342e1b35-2ffe-4b2e-8c00-8ea44149efbf', '27a86a6f-0271-429c-ad82-a1c7f93580f6', 'Ahi Poke', 639.96, 'dish_67.jpg', 'dish_67.jpg', 'dish_67.jpg', 1732898264, 0, 0, 0),
('34f26912-241d-4e00-b734-64e6cd5feeea', '60468876-7a70-441a-a190-83897ddaee5d', 'Ratatouille', 862.71, 'dish_58.jpg', 'dish_58.jpg', 'dish_58.jpg', 1732898264, 0, 0, 0),
('35733c25-656d-46d0-85eb-2b8220158592', 'd3a2fb5a-f693-412a-8536-e8cf6adac7c4', 'Baked Ziti', 573.26, 'dish_92.jpg', 'dish_92.jpg', 'dish_92.jpg', 1732898264, 0, 0, 0),
('35d7718d-d423-46e0-9498-c353d10db0b3', '0297439a-8e99-42d9-966b-98d7207ab861', 'Mole Poblano', 902.85, 'dish_97.jpg', 'dish_97.jpg', 'dish_97.jpg', 1732898264, 0, 0, 0),
('35e76e48-c667-4cbd-8bf1-5fd044e47fe2', 'dc47e3e3-38be-468c-9e02-2c4f7309abfa', 'Beef Empanadas', 733.46, 'dish_82.jpg', 'dish_82.jpg', 'dish_82.jpg', 1732898264, 0, 0, 0),
('3650564c-dba2-41a1-a8a7-8978cf4dc224', '95b246d2-dc8d-44d8-9b82-24d1194b3f09', 'Bibimbap', 575.40, 'dish_2.jpg', 'dish_2.jpg', 'dish_2.jpg', 1732898264, 0, 0, 0),
('3666f288-c2a0-42e5-91cc-e0c003af339e', 'ac27339e-529b-4888-8557-8df897e49a60', 'Mole Poblano', 910.24, 'dish_19.jpg', 'dish_19.jpg', 'dish_19.jpg', 1732898264, 0, 0, 0),
('36a2fb53-b16b-4996-9925-4db777653d98', 'c724567b-6538-40fe-8b0b-9e2037a46997', 'Bulgogi', 787.20, 'dish_16.jpg', 'dish_16.jpg', 'dish_16.jpg', 1732898264, 0, 0, 0),
('36a5d879-2b0e-495d-9136-0f8c01392534', 'ff56a07e-4cc2-4155-9663-c452bbf80266', 'Clafoutis', 722.20, 'dish_13.jpg', 'dish_13.jpg', 'dish_13.jpg', 1732898264, 0, 0, 0),
('37357bcd-5547-48a6-99fa-69cc956dfdd4', '3b3a81c4-2dcc-4b71-91a8-bcab74f02a9d', 'Crepes', 670.74, 'dish_38.jpg', 'dish_38.jpg', 'dish_38.jpg', 1732898264, 0, 0, 0),
('376b54ac-dfa3-4ec0-869e-429abc764405', 'b0dd754a-91ee-45db-aa9c-4740716582a6', 'Cordon Bleu', 509.33, 'dish_34.jpg', 'dish_34.jpg', 'dish_34.jpg', 1732898264, 0, 0, 0),
('38985c65-d78b-4b7a-927d-8400d65ee4d0', '9ddbd265-8daf-49df-a556-4b89a7e22a72', 'Cordon Bleu', 871.59, 'dish_89.jpg', 'dish_89.jpg', 'dish_89.jpg', 1732898264, 0, 0, 0),
('3a0e5867-f235-4d9e-909a-0d15c8301875', '3d359cc0-5006-4de3-b4c6-2e0ae9d6b70a', 'Gnocchi', 972.07, 'dish_41.jpg', 'dish_41.jpg', 'dish_41.jpg', 1732898264, 0, 0, 0),
('3a3a4cd8-9b9b-493f-b9c3-f50d0e735f01', '3b3a81c4-2dcc-4b71-91a8-bcab74f02a9d', 'Falafel Wrap', 670.64, 'dish_80.jpg', 'dish_80.jpg', 'dish_80.jpg', 1732898264, 0, 0, 0),
('3a3e45e2-6ec4-4ff3-8eb2-d8372b7984f2', '2413e2e1-0807-4314-977d-69eabc27ea0e', 'Moussaka', 633.21, 'dish_61.jpg', 'dish_61.jpg', 'dish_61.jpg', 1732898264, 0, 0, 0),
('3bf6d204-bd71-4e79-8a1e-bf5b55f19c65', '0127c6d4-539c-4c13-b7b8-3736382f43a6', 'Bangers and Mash', 884.67, 'dish_77.jpg', 'dish_77.jpg', 'dish_77.jpg', 1732898264, 0, 0, 0),
('3cf3370a-8631-4479-b9ea-bcdc9a165e8c', '6db1563c-5242-41a4-b0cd-8bd22bc98bfa', 'Fish and Chips', 675.29, 'dish_15.jpg', 'dish_15.jpg', 'dish_15.jpg', 1732898264, 0, 0, 0),
('3dcaaf2f-6475-4a1a-9aba-763b3324b9d7', '4f1d5548-7bce-4680-9756-e17feb528f39', 'Paella Valenciana', 546.09, 'dish_53.jpg', 'dish_53.jpg', 'dish_53.jpg', 1732898264, 0, 0, 0),
('3e736fb4-9d44-4f81-8f82-39a969282f79', '8269a3e9-b64b-4cfd-8495-4b02093bc449', 'Goulash', 873.31, 'dish_75.jpg', 'dish_75.jpg', 'dish_75.jpg', 1732898264, 0, 0, 0),
('3ec47797-cb33-4824-a6ed-efb5d20b2702', '997fde5a-c76a-457c-83d0-8f4767178e45', 'Maki Rolls', 788.43, 'dish_36.jpg', 'dish_36.jpg', 'dish_36.jpg', 1732898264, 0, 0, 0),
('3ff5319d-0ab4-4c3a-baf5-2e7340fd8873', 'b0dd754a-91ee-45db-aa9c-4740716582a6', 'Mole Poblano', 631.00, 'dish_70.jpg', 'dish_70.jpg', 'dish_70.jpg', 1732898264, 0, 0, 0),
('400785ec-94db-4686-981d-aae856fbf2dc', '7e1304ec-255c-4c9e-bd92-dc069a51fd5f', 'Chilaquiles', 817.68, 'dish_10.jpg', 'dish_10.jpg', 'dish_10.jpg', 1732898264, 0, 0, 0),
('42120aa1-1a3e-4e27-98a3-e2af7380b224', 'dc47e3e3-38be-468c-9e02-2c4f7309abfa', 'Lobster Roll', 806.53, 'dish_44.jpg', 'dish_44.jpg', 'dish_44.jpg', 1732898264, 0, 0, 0),
('42d74592-1702-41a5-9289-9593096f4cd2', '4dba19bb-1e18-451d-9b85-c6aa65cfb30e', 'Chilaquiles', 890.95, 'dish_77.jpg', 'dish_77.jpg', 'dish_77.jpg', 1732898264, 0, 0, 0),
('433c617b-784b-4eec-b2c5-d41b9d7eb858', '5e67148d-5296-47e9-a8c5-3736104434aa', 'Arancini', 501.79, 'dish_32.jpg', 'dish_32.jpg', 'dish_32.jpg', 1732898264, 0, 0, 0),
('433cf261-bace-4c0d-8844-42e9e19e29d6', '2413e2e1-0807-4314-977d-69eabc27ea0e', 'Biryani', 697.88, 'dish_1.jpg', 'dish_1.jpg', 'dish_1.jpg', 1732898264, 0, 0, 0),
('442e270e-e220-4b77-9f41-c92f28e618b1', '378dd9bf-ac7e-4766-a9a2-6799a23e59ac', 'Paella', 825.62, 'dish_11.jpg', 'dish_11.jpg', 'dish_11.jpg', 1732898264, 0, 0, 0),
('46506025-a99b-4a35-8a90-197ce30d9a7d', 'd9451ecc-2450-4d1f-aade-419085117691', 'Bangers and Mash', 869.67, 'dish_69.jpg', 'dish_69.jpg', 'dish_69.jpg', 1732898264, 0, 0, 0),
('46d79783-a328-484e-9893-ca32124920af', 'ff56a07e-4cc2-4155-9663-c452bbf80266', 'Ratatouille', 669.78, 'dish_72.jpg', 'dish_72.jpg', 'dish_72.jpg', 1732898264, 0, 0, 0),
('49dc6152-82d4-4ec3-8af5-05e2b1d91f8f', '0297439a-8e99-42d9-966b-98d7207ab861', 'Chicken Tikka Masala', 837.81, 'dish_86.jpg', 'dish_86.jpg', 'dish_86.jpg', 1732898264, 0, 0, 0),
('4abfe8e8-7a59-403a-a68a-ae2a1a385064', 'ac27339e-529b-4888-8557-8df897e49a60', 'Fish and Chips', 631.47, 'dish_9.jpg', 'dish_9.jpg', 'dish_9.jpg', 1732898264, 0, 0, 0),
('4d05e837-ed05-493c-af1a-189a1c282604', '3b3a81c4-2dcc-4b71-91a8-bcab74f02a9d', 'Sushi', 989.98, 'dish_40.jpg', 'dish_40.jpg', 'dish_40.jpg', 1732898264, 0, 0, 0),
('4ddfadc2-1e0c-46f4-abb0-55cddae9912d', '5e67148d-5296-47e9-a8c5-3736104434aa', 'Lamb Tagine', 507.94, 'dish_62.jpg', 'dish_62.jpg', 'dish_62.jpg', 1732898264, 0, 0, 0),
('4f1b73d7-a9f6-4f87-ac44-75dbd6fedea4', '997fde5a-c76a-457c-83d0-8f4767178e45', 'Hot Pot', 974.51, 'dish_1.jpg', 'dish_1.jpg', 'dish_1.jpg', 1732898264, 0, 0, 0),
('4f2fcb82-7bfa-4925-8c6d-de55271cda73', '7e1304ec-255c-4c9e-bd92-dc069a51fd5f', 'Sweet and Sour Pork', 948.03, 'dish_69.jpg', 'dish_69.jpg', 'dish_69.jpg', 1732898264, 0, 0, 0),
('5170b190-2a21-4250-a4e9-8e4f8e457b4e', '0d9d1e67-9cc4-4a96-b41c-5c5e4d258168', 'Souvlaki', 887.05, 'dish_32.jpg', 'dish_32.jpg', 'dish_32.jpg', 1732898264, 0, 0, 0),
('51d4af5e-fa29-4d64-8056-b5960b248e0d', '39843d84-114c-4b39-8afe-d5c4d110f77d', 'Tofu Stir Fry', 719.48, 'dish_98.jpg', 'dish_98.jpg', 'dish_98.jpg', 1732898264, 0, 0, 0),
('52383fd4-8d23-477a-b3e0-1ca8e49367cf', '4f1d5548-7bce-4680-9756-e17feb528f39', 'Moussaka', 943.01, 'dish_85.jpg', 'dish_85.jpg', 'dish_85.jpg', 1732898264, 0, 0, 0),
('5616c5ed-1dd4-41a1-80d1-08c8d2c41d9c', '3b3a81c4-2dcc-4b71-91a8-bcab74f02a9d', 'Tandoori Chicken', 637.12, 'dish_27.jpg', 'dish_27.jpg', 'dish_27.jpg', 1732898264, 0, 0, 0),
('56db737d-d472-41ef-b35f-d5666db1958a', '444be641-bc62-410e-9d11-264937f6099a', 'Falafel', 534.90, 'dish_31.jpg', 'dish_31.jpg', 'dish_31.jpg', 1732898264, 0, 0, 0),
('58f38081-596c-4632-a100-f6cc491f95c1', '8e3607a2-4c50-428f-a291-1f8ce4b75584', 'Chicken Shawarma', 693.99, 'dish_93.jpg', 'dish_93.jpg', 'dish_93.jpg', 1732898264, 0, 0, 0),
('590e2169-115a-4d19-b936-086ed89de185', '74ce0c53-7ded-4052-947e-3334b87ceaf5', 'Ramen', 845.86, 'dish_54.jpg', 'dish_54.jpg', 'dish_54.jpg', 1732898264, 0, 0, 0),
('5967f7a9-efdb-41b4-b706-c1ea63ab4d3a', '27a86a6f-0271-429c-ad82-a1c7f93580f6', 'Beef Empanadas', 893.80, 'dish_39.jpg', 'dish_39.jpg', 'dish_39.jpg', 1732898264, 0, 0, 0),
('5c0184e0-70e1-4c7e-b14b-62f3e8a23a45', 'b57fb801-8d8d-42c6-8c39-b966fac70cc3', 'Peking Duck Pancakes', 870.40, 'dish_94.jpg', 'dish_94.jpg', 'dish_94.jpg', 1732898264, 0, 0, 0),
('5c9cc039-772e-4ecb-b219-e3d5e9e0af57', 'ddb425fa-af52-409b-9e15-ee15944e6ee5', 'Chicken Tikka Masala', 959.98, 'dish_70.jpg', 'dish_70.jpg', 'dish_70.jpg', 1732898264, 0, 0, 0),
('5da08f36-9b0b-4878-84e7-fe9cb2bec344', '8e3607a2-4c50-428f-a291-1f8ce4b75584', 'Maki Sushi', 937.34, 'dish_75.jpg', 'dish_75.jpg', 'dish_75.jpg', 1732898264, 0, 0, 0),
('5de7aaf1-adf4-432e-a70b-2b25e07f151e', 'b57fb801-8d8d-42c6-8c39-b966fac70cc3', 'Chicken Shawarma', 711.10, 'dish_45.jpg', 'dish_45.jpg', 'dish_45.jpg', 1732898264, 0, 0, 0),
('5e1c8e0a-00c4-4819-99c2-2a4ec77296c8', 'e38d6471-de53-4a4e-a926-d521f064632f', 'Dim Sum', 742.22, 'dish_95.jpg', 'dish_95.jpg', 'dish_95.jpg', 1732898264, 0, 0, 0),
('5e4a2507-4b05-49fd-b830-94388d131238', '27a86a6f-0271-429c-ad82-a1c7f93580f6', 'Falafel Wrap', 509.57, 'dish_12.jpg', 'dish_12.jpg', 'dish_12.jpg', 1732898264, 0, 0, 0),
('610d5193-e175-4e41-88c0-3a77885f940d', 'e38d6471-de53-4a4e-a926-d521f064632f', 'Chicken Tikka Masala', 616.31, 'dish_35.jpg', 'dish_35.jpg', 'dish_35.jpg', 1732898264, 0, 0, 0),
('61ba50af-b0a5-4d42-8d37-7206cd729806', '0c93e9b0-e6c2-4ee7-906c-fd36a0d473cd', 'Salmon Teriyaki', 998.84, 'dish_95.jpg', 'dish_95.jpg', 'dish_95.jpg', 1732898264, 0, 0, 0),
('65ea91e9-b0db-4f3c-8ac7-7bd968d788fd', '4f1d5548-7bce-4680-9756-e17feb528f39', 'Arancini', 961.00, 'dish_75.jpg', 'dish_75.jpg', 'dish_75.jpg', 1732898264, 0, 0, 0),
('664225c9-df2e-419d-bff6-257ce546a07c', '2413e2e1-0807-4314-977d-69eabc27ea0e', 'Crepes', 929.83, 'dish_13.jpg', 'dish_13.jpg', 'dish_13.jpg', 1732898264, 0, 0, 0),
('6769f459-ac62-44d4-bf2c-37b3873e54f3', '95b246d2-dc8d-44d8-9b82-24d1194b3f09', 'Pizza Margherita', 621.73, 'dish_48.jpg', 'dish_48.jpg', 'dish_48.jpg', 1732898264, 0, 0, 0),
('69711f86-f865-4d72-9c58-e9a2740f9d1c', 'd9451ecc-2450-4d1f-aade-419085117691', 'Dim Sum', 883.26, 'dish_82.jpg', 'dish_82.jpg', 'dish_82.jpg', 1732898264, 0, 0, 0),
('6975e964-953a-4741-83d1-0e434e851c22', '836b8972-f314-456f-8770-5ac853683824', 'Hamburger', 520.22, 'dish_91.jpg', 'dish_91.jpg', 'dish_91.jpg', 1732898264, 0, 0, 0),
('69f6f3a3-9952-4237-ba9c-01713082f074', 'ca84011a-7be7-4eda-9c04-fccee0ad02ea', 'Chateaubriand', 562.11, 'dish_38.jpg', 'dish_38.jpg', 'dish_38.jpg', 1732898264, 0, 0, 0),
('6af507bf-20c3-4cef-aace-73e10aff9dc7', '03a7878a-1d43-4e9a-ba49-4bc98a48e591', 'Quiche', 679.59, 'dish_9.jpg', 'dish_9.jpg', 'dish_9.jpg', 1732898264, 0, 0, 0),
('6b74cef3-3162-40f1-a462-c30ef2768e19', '3d359cc0-5006-4de3-b4c6-2e0ae9d6b70a', 'Beef Stroganoff', 891.70, 'dish_98.jpg', 'dish_98.jpg', 'dish_98.jpg', 1732898264, 0, 0, 0),
('6cc7c1b1-3d71-4aaa-a8ed-f2ab4aee0336', '9ddbd265-8daf-49df-a556-4b89a7e22a72', 'Chicken Alfredo', 619.46, 'dish_11.jpg', 'dish_11.jpg', 'dish_11.jpg', 1732898264, 0, 0, 0),
('6d08b95f-7bc3-4d9d-8235-f42a1260ddfa', 'ddb425fa-af52-409b-9e15-ee15944e6ee5', 'Peking Duck Pancakes', 738.23, 'dish_83.jpg', 'dish_83.jpg', 'dish_83.jpg', 1732898264, 0, 0, 0),
('6d374a63-4064-4e50-a87d-731581cf2538', '27a86a6f-0271-429c-ad82-a1c7f93580f6', 'Ragu', 779.05, 'dish_30.jpg', 'dish_30.jpg', 'dish_30.jpg', 1732898264, 0, 0, 0),
('6eb75b05-a361-49e9-acdd-d4b9ca928b08', '55305bb3-0185-4d36-a972-2c9e89821b27', 'Tom Yum Soup', 874.31, 'dish_72.jpg', 'dish_72.jpg', 'dish_72.jpg', 1732898264, 0, 0, 0),
('70b24db4-ea04-4e45-b602-fd363a56556a', '378dd9bf-ac7e-4766-a9a2-6799a23e59ac', 'Pad Thai', 751.30, 'dish_78.jpg', 'dish_78.jpg', 'dish_78.jpg', 1732898264, 0, 0, 0),
('70efafa0-7331-4a52-86ff-f70c935f57cd', 'dccbe4cd-10b7-43b4-b736-edf8d6df3c4e', 'Frittata', 984.23, 'dish_67.jpg', 'dish_67.jpg', 'dish_67.jpg', 1732898264, 0, 0, 0),
('711a2a6b-f52a-4337-8d08-e67c9d758cb5', '0d10d133-daa4-4475-97ce-b79ea4b52e54', 'Peking Duck', 555.00, 'dish_93.jpg', 'dish_93.jpg', 'dish_93.jpg', 1732898264, 0, 0, 0),
('713db6fd-18fe-4f27-b848-95a3a7451d09', '0c93e9b0-e6c2-4ee7-906c-fd36a0d473cd', 'Shrimp Scampi', 980.70, 'dish_1.jpg', 'dish_1.jpg', 'dish_1.jpg', 1732898264, 0, 0, 0),
('7250846f-6eee-4da6-af82-20a4a3f68f10', '60468876-7a70-441a-a190-83897ddaee5d', 'Empanadas de Pollo', 805.91, 'dish_66.jpg', 'dish_66.jpg', 'dish_66.jpg', 1732898264, 0, 0, 0),
('735f8cfd-439f-469f-b24b-c29710a52558', '95b246d2-dc8d-44d8-9b82-24d1194b3f09', 'Crab Cakes', 806.83, 'dish_35.jpg', 'dish_35.jpg', 'dish_35.jpg', 1732898264, 0, 0, 0),
('73bdcebf-6520-45ae-bce8-eea056eb9f12', 'd9451ecc-2450-4d1f-aade-419085117691', 'Fajitas', 875.81, 'dish_70.jpg', 'dish_70.jpg', 'dish_70.jpg', 1732898264, 0, 0, 0),
('740da7a8-8269-4928-80d9-c3144eabbe54', '2413e2e1-0807-4314-977d-69eabc27ea0e', 'Empanadas de Pollo', 543.99, 'dish_78.jpg', 'dish_78.jpg', 'dish_78.jpg', 1732898264, 0, 0, 0),
('769fc599-2bdb-4791-af7e-7cc3acc58b75', '6db1563c-5242-41a4-b0cd-8bd22bc98bfa', 'Arancini', 582.78, 'dish_58.jpg', 'dish_58.jpg', 'dish_58.jpg', 1732898264, 0, 0, 0),
('773922bf-3839-42f6-9bde-8c6b025a06c0', '337741e3-ddf8-46a6-a327-550fc3c0f961', 'Hummus', 903.19, 'dish_98.jpg', 'dish_98.jpg', 'dish_98.jpg', 1732898264, 0, 0, 0),
('77893f69-b646-442e-9693-e86d1449e8b8', 'bfd5d131-da48-4c4e-a47d-ba872d60572e', 'Baked Ziti', 908.21, 'dish_1.jpg', 'dish_1.jpg', 'dish_1.jpg', 1732898264, 0, 0, 0),
('7859cc8d-8eab-4a53-82c6-b954d3d05d55', 'b57fb801-8d8d-42c6-8c39-b966fac70cc3', 'Chicken Tikka Masala', 751.88, 'dish_61.jpg', 'dish_61.jpg', 'dish_61.jpg', 1732898264, 0, 0, 0),
('7936a7e4-9445-483b-9134-3b44633fbc6c', '0feef8fa-6c52-4578-953f-583ffc867139', 'Souvlaki', 978.94, 'dish_75.jpg', 'dish_75.jpg', 'dish_75.jpg', 1732898264, 0, 0, 0),
('7963cd84-9537-468a-abfb-961d24ee1ac5', '74ce0c53-7ded-4052-947e-3334b87ceaf5', 'Tofu Stir Fry', 769.20, 'dish_67.jpg', 'dish_67.jpg', 'dish_67.jpg', 1732898264, 0, 0, 0),
('796b3217-83cd-454e-98a5-c46942318e5c', '836b8972-f314-456f-8770-5ac853683824', 'Pesto Pasta', 690.10, 'dish_52.jpg', 'dish_52.jpg', 'dish_52.jpg', 1732898264, 0, 0, 0),
('7bb35e79-4539-4559-9e01-802914a2b199', '5e164027-d87b-4c97-8402-a373d5bfb03e', 'Falafel', 633.28, 'dish_45.jpg', 'dish_45.jpg', 'dish_45.jpg', 1732898264, 0, 0, 0),
('7c1f0462-b0d6-4d6c-9e2a-7975e8acb41c', '4f1d5548-7bce-4680-9756-e17feb528f39', 'Fettuccine Alfredo', 737.43, 'dish_52.jpg', 'dish_52.jpg', 'dish_52.jpg', 1732898264, 0, 0, 0),
('7c227162-c849-4ade-8376-66ebbd8a387c', '444be641-bc62-410e-9d11-264937f6099a', 'Lasagna', 677.35, 'dish_54.jpg', 'dish_54.jpg', 'dish_54.jpg', 1732898264, 0, 0, 0),
('7eb973ed-a8cd-4036-b205-8700315967c2', 'c724567b-6538-40fe-8b0b-9e2037a46997', 'Souvlaki', 782.44, 'dish_79.jpg', 'dish_79.jpg', 'dish_79.jpg', 1732898264, 0, 0, 0),
('7fdb5ff6-be7f-49ec-901b-7fa368e7f905', '0d9d1e67-9cc4-4a96-b41c-5c5e4d258168', 'Nasi Goreng', 609.49, 'dish_58.jpg', 'dish_58.jpg', 'dish_58.jpg', 1732898264, 0, 0, 0),
('80de471b-2e74-4a3a-9616-137478d3e4e9', '3d359cc0-5006-4de3-b4c6-2e0ae9d6b70a', 'Chicken Shawarma', 590.23, 'dish_40.jpg', 'dish_40.jpg', 'dish_40.jpg', 1732898264, 0, 0, 0),
('8170949f-78f6-4401-9799-ad3d7e18e263', '6db1563c-5242-41a4-b0cd-8bd22bc98bfa', 'Ratatouille', 515.01, 'dish_73.jpg', 'dish_73.jpg', 'dish_73.jpg', 1732898264, 0, 0, 0),
('81a71f5c-faa7-4e63-8846-c10c65cb742c', '9ddbd265-8daf-49df-a556-4b89a7e22a72', 'Fajitas', 722.35, 'dish_45.jpg', 'dish_45.jpg', 'dish_45.jpg', 1732898264, 0, 0, 0),
('82a95f07-5d3f-435d-9a0f-c6d966ee0994', '02fd96df-d20f-4aee-8cdd-61c03f1f94f3', 'Nasi Goreng', 946.92, 'dish_38.jpg', 'dish_38.jpg', 'dish_38.jpg', 1732898264, 0, 0, 0),
('83e034e3-8979-4f7d-81cb-1585de832b9d', 'b0dd754a-91ee-45db-aa9c-4740716582a6', 'Dim Sum', 863.18, 'dish_98.jpg', 'dish_98.jpg', 'dish_98.jpg', 1732898264, 0, 0, 0),
('8419cde4-538a-4575-99f9-de6f636007cc', '9306e69c-f64f-4ca9-b0cb-2c6ddaf68c22', 'Peking Duck', 741.52, 'dish_48.jpg', 'dish_48.jpg', 'dish_48.jpg', 1732898264, 0, 0, 0),
('846c9058-a6d1-4f4c-809a-ec42e37cb208', '1626a4fa-4a55-45a3-8c65-8769acab1529', 'Mole Poblano', 748.36, 'dish_67.jpg', 'dish_67.jpg', 'dish_67.jpg', 1732898264, 0, 0, 0),
('85195618-41f6-4072-9f6f-7bf36584c5ad', '0bfd34ed-3206-4aa1-9d4d-27c2d197dc60', 'Gado-Gado', 633.56, 'dish_20.jpg', 'dish_20.jpg', 'dish_20.jpg', 1732898264, 0, 0, 0),
('857828a7-9e90-4ce7-9a20-74e04ffbed37', '836b8972-f314-456f-8770-5ac853683824', 'Spaghetti Carbonara', 980.17, 'dish_1.jpg', 'dish_1.jpg', 'dish_1.jpg', 1732898264, 0, 0, 0),
('8590fbad-6a41-44be-b869-cfeb1e3657a9', '9ddbd265-8daf-49df-a556-4b89a7e22a72', 'Baked Ziti', 524.98, 'dish_5.jpg', 'dish_5.jpg', 'dish_5.jpg', 1732898264, 0, 0, 0),
('85a80c76-1cdf-4fab-aeea-c5c73fbc5bd9', '0bfd34ed-3206-4aa1-9d4d-27c2d197dc60', 'Beef Wellington', 517.04, 'dish_86.jpg', 'dish_86.jpg', 'dish_86.jpg', 1732898264, 0, 0, 0),
('85f7c5e9-0a44-4034-a848-5d38630af692', '3b3a81c4-2dcc-4b71-91a8-bcab74f02a9d', 'Bulgogi', 663.12, 'dish_3.jpg', 'dish_3.jpg', 'dish_3.jpg', 1732898264, 0, 0, 0),
('862154b4-0d49-4a59-9679-e560b7a63517', 'dc47e3e3-38be-468c-9e02-2c4f7309abfa', 'Chicken Shawarma', 603.74, 'dish_6.jpg', 'dish_6.jpg', 'dish_6.jpg', 1732898264, 0, 0, 0),
('86dd1574-0289-40ab-bc86-e7414f49ebc0', '8269a3e9-b64b-4cfd-8495-4b02093bc449', 'Tofu Scramble', 503.29, 'dish_44.jpg', 'dish_44.jpg', 'dish_44.jpg', 1732898264, 0, 0, 0),
('878acc72-36c6-4712-97ae-354b24469052', 'f8ecacea-cdd5-412e-9b85-7044d52323b9', 'Paella Valenciana', 590.93, 'dish_32.jpg', 'dish_32.jpg', 'dish_32.jpg', 1732898264, 0, 0, 0),
('882e3a80-b4c9-4bca-87c1-68874b815c6c', '1626a4fa-4a55-45a3-8c65-8769acab1529', 'Sushi', 873.86, 'dish_56.jpg', 'dish_56.jpg', 'dish_56.jpg', 1732898264, 0, 0, 0),
('89d62271-741a-427c-ab1e-14d988611f80', 'd3a2fb5a-f693-412a-8536-e8cf6adac7c4', 'Tandoori Chicken', 950.06, 'dish_17.jpg', 'dish_17.jpg', 'dish_17.jpg', 1732898264, 0, 0, 0),
('89fdb16f-ddf0-4a42-bfb5-ad34a97ab871', '337741e3-ddf8-46a6-a327-550fc3c0f961', 'Bibimbap', 894.14, 'dish_2.jpg', 'dish_2.jpg', 'dish_2.jpg', 1732898264, 0, 0, 0),
('8a756400-64a0-4fc9-a21f-4d6754ae2199', 'ff56a07e-4cc2-4155-9663-c452bbf80266', 'Pad Thai', 780.78, 'dish_6.jpg', 'dish_6.jpg', 'dish_6.jpg', 1732898264, 0, 0, 0),
('8bc8972f-bc6d-4c97-9195-841e14aa6abb', 'e38d6471-de53-4a4e-a926-d521f064632f', 'Fajitas', 803.09, 'dish_39.jpg', 'dish_39.jpg', 'dish_39.jpg', 1732898264, 0, 0, 0),
('8da2d715-d1fe-4b0e-be16-aa34b494ed9c', 'dc47e3e3-38be-468c-9e02-2c4f7309abfa', 'Chicken Tikka Masala', 650.57, 'dish_48.jpg', 'dish_48.jpg', 'dish_48.jpg', 1732898264, 0, 0, 0),
('8de9b9d4-b59d-4366-b4cc-f22e3ad6355d', '02fd96df-d20f-4aee-8cdd-61c03f1f94f3', 'Kimchi', 838.21, 'dish_9.jpg', 'dish_9.jpg', 'dish_9.jpg', 1732898264, 0, 0, 0),
('8e999f29-2e83-410f-8823-a1d23a5e3702', '0297439a-8e99-42d9-966b-98d7207ab861', 'Gnocchi', 532.89, 'dish_19.jpg', 'dish_19.jpg', 'dish_19.jpg', 1732898264, 0, 0, 0),
('8f172fc5-851c-48a7-bde3-70cb4262a4ea', '39843d84-114c-4b39-8afe-d5c4d110f77d', 'Peking Duck Pancakes', 870.94, 'dish_67.jpg', 'dish_67.jpg', 'dish_67.jpg', 1732898264, 0, 0, 0),
('8fde717c-bd24-4c5d-ad55-188c8b892e3a', '0127c6d4-539c-4c13-b7b8-3736382f43a6', 'Hummus', 748.62, 'dish_63.jpg', 'dish_63.jpg', 'dish_63.jpg', 1732898264, 0, 0, 0),
('9015dede-1034-46db-952d-3090a9cee281', '74ce0c53-7ded-4052-947e-3334b87ceaf5', 'Bibimbap', 917.07, 'dish_41.jpg', 'dish_41.jpg', 'dish_41.jpg', 1732898264, 0, 0, 0),
('905f4150-5b3e-4dc0-a5ca-196d95e842c3', '0feef8fa-6c52-4578-953f-583ffc867139', 'Clafoutis', 566.33, 'dish_73.jpg', 'dish_73.jpg', 'dish_73.jpg', 1732898264, 0, 0, 0),
('907ade4e-d3f3-47c0-9fc8-05a878dc084e', '997fde5a-c76a-457c-83d0-8f4767178e45', 'Pesto Pasta', 859.61, 'dish_62.jpg', 'dish_62.jpg', 'dish_62.jpg', 1732898264, 0, 0, 0),
('9148787b-14da-44fe-ac85-0b48d620d6b7', 'd9451ecc-2450-4d1f-aade-419085117691', 'Hummus', 852.73, 'dish_34.jpg', 'dish_34.jpg', 'dish_34.jpg', 1732898264, 0, 0, 0),
('91fcf0a3-51ba-4224-8504-9e4c0a36ddf0', '5e164027-d87b-4c97-8402-a373d5bfb03e', 'Pork Ribs', 779.95, 'dish_75.jpg', 'dish_75.jpg', 'dish_75.jpg', 1732898264, 0, 0, 0),
('958de615-1b12-4df4-a9cc-f5a1400a799b', 'ac27339e-529b-4888-8557-8df897e49a60', 'Pizza Margherita', 649.11, 'dish_57.jpg', 'dish_57.jpg', 'dish_57.jpg', 1732898264, 0, 0, 0),
('95cfbcb1-a6a5-41bd-9c52-3c842f6c4d85', '444be641-bc62-410e-9d11-264937f6099a', 'Chicken Katsu', 790.50, 'dish_14.jpg', 'dish_14.jpg', 'dish_14.jpg', 1732898264, 0, 0, 0),
('96efb467-77b9-4e5e-b160-3c466141f28e', 'ff56a07e-4cc2-4155-9663-c452bbf80266', 'Baked Ziti', 652.78, 'dish_48.jpg', 'dish_48.jpg', 'dish_48.jpg', 1732898264, 0, 0, 0),
('9909e655-046a-49f0-994f-8648957f82ba', '337741e3-ddf8-46a6-a327-550fc3c0f961', 'Empanadas de Pollo', 607.65, 'dish_69.jpg', 'dish_69.jpg', 'dish_69.jpg', 1732898264, 0, 0, 0),
('99d7665a-a5ed-43d6-a995-1de1bbd2dfe5', '0d9d1e67-9cc4-4a96-b41c-5c5e4d258168', 'Roti', 913.92, 'dish_52.jpg', 'dish_52.jpg', 'dish_52.jpg', 1732898264, 0, 0, 0),
('9c022a17-0080-4953-b92d-02f94a9f084e', 'dc47e3e3-38be-468c-9e02-2c4f7309abfa', 'Peking Duck', 585.84, 'dish_92.jpg', 'dish_92.jpg', 'dish_92.jpg', 1732898264, 0, 0, 0),
('9c535b37-ceb3-46b9-b5bf-146a2b42241d', '5e67148d-5296-47e9-a8c5-3736104434aa', 'Hamburger', 914.10, 'dish_86.jpg', 'dish_86.jpg', 'dish_86.jpg', 1732898264, 0, 0, 0),
('9d9ea65c-cc58-405a-bca9-65b9101205fd', 'c724567b-6538-40fe-8b0b-9e2037a46997', 'Bangers and Mash', 512.93, 'dish_57.jpg', 'dish_57.jpg', 'dish_57.jpg', 1732898264, 0, 0, 0),
('9efc2b4a-79ca-440d-b0f0-e4441c1999d6', 'f8ecacea-cdd5-412e-9b85-7044d52323b9', 'Risotto', 987.64, 'dish_13.jpg', 'dish_13.jpg', 'dish_13.jpg', 1732898264, 0, 0, 0),
('9f24cc13-450d-45c3-9e5e-d0f8c2b32de8', 'ddb425fa-af52-409b-9e15-ee15944e6ee5', 'Paella', 591.26, 'dish_86.jpg', 'dish_86.jpg', 'dish_86.jpg', 1732898264, 0, 0, 0),
('a0255726-2365-4cbc-b7fb-db30cf4ed150', '9306e69c-f64f-4ca9-b0cb-2c6ddaf68c22', 'Sushi', 632.79, 'dish_99.jpg', 'dish_99.jpg', 'dish_99.jpg', 1732898264, 0, 0, 0),
('a0363f83-de63-4bec-98d7-66d3cd62d6fc', '0d10d133-daa4-4475-97ce-b79ea4b52e54', 'Burrito', 534.13, 'dish_45.jpg', 'dish_45.jpg', 'dish_45.jpg', 1732898264, 0, 0, 0),
('a1923dd4-7d17-41b7-91d9-c260afecd778', 'dccbe4cd-10b7-43b4-b736-edf8d6df3c4e', 'Ceviche', 938.87, 'dish_73.jpg', 'dish_73.jpg', 'dish_73.jpg', 1732898264, 0, 0, 0),
('a2007aa0-7ba4-49c9-b043-1da5f4ee6653', '6db1563c-5242-41a4-b0cd-8bd22bc98bfa', 'Gado-Gado', 838.74, 'dish_99.jpg', 'dish_99.jpg', 'dish_99.jpg', 1732898264, 0, 0, 0),
('a208edc8-1d2f-4b28-a8e4-5d4f51bdafe1', '03a7878a-1d43-4e9a-ba49-4bc98a48e591', 'Beef Stroganoff', 646.19, 'dish_26.jpg', 'dish_26.jpg', 'dish_26.jpg', 1732898264, 0, 0, 0),
('a23bb014-ce2b-4664-ac2a-286a275385c1', 'f8ecacea-cdd5-412e-9b85-7044d52323b9', 'Lobster Roll', 995.07, 'dish_59.jpg', 'dish_59.jpg', 'dish_59.jpg', 1732898264, 0, 0, 0),
('a25fa28c-e0f2-4017-9faa-acbeeca1554b', 'ca84011a-7be7-4eda-9c04-fccee0ad02ea', 'Biryani', 670.95, 'dish_6.jpg', 'dish_6.jpg', 'dish_6.jpg', 1732898264, 0, 0, 0),
('a2669e6c-84f8-40ce-a3d1-589bbcc2c04c', '55305bb3-0185-4d36-a972-2c9e89821b27', 'Beef Empanadas', 735.01, 'dish_75.jpg', 'dish_75.jpg', 'dish_75.jpg', 1732898264, 0, 0, 0),
('a2f221b0-3c86-4af7-b635-5368ac6cafbd', '378dd9bf-ac7e-4766-a9a2-6799a23e59ac', 'Tiramisu', 869.69, 'dish_79.jpg', 'dish_79.jpg', 'dish_79.jpg', 1732898264, 0, 0, 0),
('a31b36b6-3db6-4e86-a24c-ff0503bf090e', '6db1563c-5242-41a4-b0cd-8bd22bc98bfa', 'Gnocchi', 792.14, 'dish_48.jpg', 'dish_48.jpg', 'dish_48.jpg', 1732898264, 0, 0, 0),
('a34073dd-b18c-43d7-ad5f-a7c80e2147a2', '27a86a6f-0271-429c-ad82-a1c7f93580f6', 'Sushi', 556.33, 'dish_63.jpg', 'dish_63.jpg', 'dish_63.jpg', 1732898264, 0, 0, 0),
('a46f3674-93c1-4b84-aafe-9bb2ed541634', '0feef8fa-6c52-4578-953f-583ffc867139', 'Peking Duck Pancakes', 683.52, 'dish_36.jpg', 'dish_36.jpg', 'dish_36.jpg', 1732898264, 0, 0, 0),
('a49ea9da-d02a-402a-acde-24263e7261f9', 'c724567b-6538-40fe-8b0b-9e2037a46997', 'Schnitzel', 765.44, 'dish_84.jpg', 'dish_84.jpg', 'dish_84.jpg', 1732898264, 0, 0, 0),
('a6676ee3-a6b3-4266-9466-fc4104b23cb9', '0bfd34ed-3206-4aa1-9d4d-27c2d197dc60', 'Maki Rolls', 857.71, 'dish_87.jpg', 'dish_87.jpg', 'dish_87.jpg', 1732898264, 0, 0, 0),
('a76e3161-68d3-4a2a-8b4d-1009731beb6d', '4dba19bb-1e18-451d-9b85-c6aa65cfb30e', 'Pizza Margherita', 829.50, 'dish_32.jpg', 'dish_32.jpg', 'dish_32.jpg', 1732898264, 0, 0, 0),
('a88c0ffc-b83b-49f7-89dd-07894260596b', '1626a4fa-4a55-45a3-8c65-8769acab1529', 'Risotto', 583.93, 'dish_32.jpg', 'dish_32.jpg', 'dish_32.jpg', 1732898264, 0, 0, 0),
('a8ba653a-9edb-4236-88dc-f5b5b66e7bde', '5e67148d-5296-47e9-a8c5-3736104434aa', 'Lobster Roll', 932.25, 'dish_35.jpg', 'dish_35.jpg', 'dish_35.jpg', 1732898264, 0, 0, 0),
('aae0291c-ddeb-4e78-96ba-13d375344bbc', '7e1304ec-255c-4c9e-bd92-dc069a51fd5f', 'Maki Rolls', 811.97, 'dish_98.jpg', 'dish_98.jpg', 'dish_98.jpg', 1732898264, 0, 0, 0),
('aaf4df84-8803-409f-9ca3-e8524c4be1a1', '3b3a81c4-2dcc-4b71-91a8-bcab74f02a9d', 'Tacos', 792.78, 'dish_51.jpg', 'dish_51.jpg', 'dish_51.jpg', 1732898264, 0, 0, 0),
('ab5d0e86-76bc-48d8-8539-8b16108fd0ef', '02fd96df-d20f-4aee-8cdd-61c03f1f94f3', 'Beef Brisket', 675.86, 'dish_81.jpg', 'dish_81.jpg', 'dish_81.jpg', 1732898264, 0, 0, 0),
('ac7625a3-daac-4da6-b75b-fccfa7a1fbf3', '8269a3e9-b64b-4cfd-8495-4b02093bc449', 'Empanadas', 820.60, 'dish_18.jpg', 'dish_18.jpg', 'dish_18.jpg', 1732898264, 0, 0, 0),
('aca93124-a000-41f0-8bd0-ceed6b306ed5', 'ac27339e-529b-4888-8557-8df897e49a60', 'Gado-Gado', 938.39, 'dish_49.jpg', 'dish_49.jpg', 'dish_49.jpg', 1732898264, 0, 0, 0),
('adebc06a-1425-4e51-9e3d-c4ff185f1b04', 'ff56a07e-4cc2-4155-9663-c452bbf80266', 'Quiche', 861.77, 'dish_27.jpg', 'dish_27.jpg', 'dish_27.jpg', 1732898264, 0, 0, 0),
('adf97ff6-511f-47e3-9660-f8e04688eb99', 'a139dabe-691b-4d42-b9aa-2fe1ee4d476f', 'Spaghetti Carbonara', 510.78, 'dish_28.jpg', 'dish_28.jpg', 'dish_28.jpg', 1732898264, 0, 0, 0),
('afb6257f-7c5b-4747-b061-c2b0cdd44640', '444be641-bc62-410e-9d11-264937f6099a', 'Burrito', 964.90, 'dish_1.jpg', 'dish_1.jpg', 'dish_1.jpg', 1732898264, 0, 0, 0),
('b0eb108a-f11b-4662-917e-dae30a22c5bc', 'd3a2fb5a-f693-412a-8536-e8cf6adac7c4', 'Chicken Shawarma', 622.48, 'dish_87.jpg', 'dish_87.jpg', 'dish_87.jpg', 1732898264, 0, 0, 0),
('b155896c-838a-4e26-9606-a2840605ca51', '4dba19bb-1e18-451d-9b85-c6aa65cfb30e', 'Frittata', 702.05, 'dish_46.jpg', 'dish_46.jpg', 'dish_46.jpg', 1732898264, 0, 0, 0),
('b2b27958-602a-42a8-a749-65e98d6641ad', '0d9d1e67-9cc4-4a96-b41c-5c5e4d258168', 'Fish and Chips', 981.34, 'dish_55.jpg', 'dish_55.jpg', 'dish_55.jpg', 1732898264, 0, 0, 0),
('b2c7152d-6d8b-4a41-93b0-0bece56ec46f', '0c93e9b0-e6c2-4ee7-906c-fd36a0d473cd', 'Croissant', 872.01, 'dish_52.jpg', 'dish_52.jpg', 'dish_52.jpg', 1732898264, 0, 0, 0),
('b45d46a9-c130-4c58-98b3-42bd8a895e06', 'e38d6471-de53-4a4e-a926-d521f064632f', 'Jambalaya', 738.57, 'dish_3.jpg', 'dish_3.jpg', 'dish_3.jpg', 1732898264, 0, 0, 0),
('b4d48f9f-5ce7-4881-a4ec-3ffa579a0892', 'ca84011a-7be7-4eda-9c04-fccee0ad02ea', 'Beef Empanadas', 501.56, 'dish_20.jpg', 'dish_20.jpg', 'dish_20.jpg', 1732898264, 0, 0, 0),
('b72a48f6-6415-47ec-9a3b-a955613092d2', 'bfd5d131-da48-4c4e-a47d-ba872d60572e', 'Kimchi', 639.89, 'dish_50.jpg', 'dish_50.jpg', 'dish_50.jpg', 1732898264, 0, 0, 0),
('b7b46b1d-5265-4bc7-87fa-2d317bc215f0', '3d359cc0-5006-4de3-b4c6-2e0ae9d6b70a', 'Yakitori', 663.44, 'dish_22.jpg', 'dish_22.jpg', 'dish_22.jpg', 1732898264, 0, 0, 0),
('b7ecba97-f943-48f6-813e-9ecf97ea2ff8', '0127c6d4-539c-4c13-b7b8-3736382f43a6', 'Biryani', 980.39, 'dish_63.jpg', 'dish_63.jpg', 'dish_63.jpg', 1732898264, 0, 0, 0),
('b7f0d79e-43eb-4d78-9996-4273c4b295e5', 'b0dd754a-91ee-45db-aa9c-4740716582a6', 'Chilaquiles', 996.96, 'dish_92.jpg', 'dish_92.jpg', 'dish_92.jpg', 1732898264, 0, 0, 0),
('ba4715f3-a3cb-4d9c-90f1-b09b2097664a', 'ddb425fa-af52-409b-9e15-ee15944e6ee5', 'Lasagna', 703.87, 'dish_58.jpg', 'dish_58.jpg', 'dish_58.jpg', 1732898264, 0, 0, 0),
('bb064590-34f1-4d55-a94a-c1253ce70d0c', '60468876-7a70-441a-a190-83897ddaee5d', 'Burrito', 921.01, 'dish_63.jpg', 'dish_63.jpg', 'dish_63.jpg', 1732898264, 0, 0, 0),
('bb09927c-5a53-4e87-837d-d77b60b4aab1', '0d9d1e67-9cc4-4a96-b41c-5c5e4d258168', 'Lasagna', 506.76, 'dish_19.jpg', 'dish_19.jpg', 'dish_19.jpg', 1732898264, 0, 0, 0),
('bbc7722d-9cc5-4a1d-ab0a-778c5c6a08c0', '378dd9bf-ac7e-4766-a9a2-6799a23e59ac', 'Carne Asada', 867.57, 'dish_8.jpg', 'dish_8.jpg', 'dish_8.jpg', 1732898264, 0, 0, 0),
('bbccd83c-dbdf-424a-84a2-6b30006291b1', '9306e69c-f64f-4ca9-b0cb-2c6ddaf68c22', 'Roti', 582.95, 'dish_43.jpg', 'dish_43.jpg', 'dish_43.jpg', 1732898264, 0, 0, 0),
('bd0d30cf-ae6e-499d-b725-9e9eeee23227', 'd3a2fb5a-f693-412a-8536-e8cf6adac7c4', 'Hamburger', 755.28, 'dish_100.jpg', 'dish_100.jpg', 'dish_100.jpg', 1732898264, 0, 0, 0),
('be309ae4-712b-40a3-88d8-be67f233d4f4', '0bfd34ed-3206-4aa1-9d4d-27c2d197dc60', 'Chicken Alfredo', 892.83, 'dish_12.jpg', 'dish_12.jpg', 'dish_12.jpg', 1732898264, 0, 0, 0),
('be422efc-63a8-4e50-9f4a-c9c67f740b1e', '0d10d133-daa4-4475-97ce-b79ea4b52e54', 'Tortilla Española', 553.04, 'dish_51.jpg', 'dish_51.jpg', 'dish_51.jpg', 1732898264, 0, 0, 0),
('be768ad3-8d22-4e61-b3f4-c938eab4d8cb', 'bfd5d131-da48-4c4e-a47d-ba872d60572e', 'Samosas', 968.39, 'dish_84.jpg', 'dish_84.jpg', 'dish_84.jpg', 1732898264, 0, 0, 0),
('bed3a9a5-96a5-45e3-bf39-20d452fb35b7', '60468876-7a70-441a-a190-83897ddaee5d', 'Pappardelle', 596.96, 'dish_56.jpg', 'dish_56.jpg', 'dish_56.jpg', 1732898264, 0, 0, 0),
('bf821563-6349-446e-9d4b-26c7d8ae1d33', '03a7878a-1d43-4e9a-ba49-4bc98a48e591', 'Paella Valenciana', 715.25, 'dish_66.jpg', 'dish_66.jpg', 'dish_66.jpg', 1732898264, 0, 0, 0),
('c06fb821-d377-4f4c-8220-7fe78ef0bd43', 'cc71c2fa-1ae9-44b4-9589-90e00787ac42', 'Fish and Chips', 818.29, 'dish_83.jpg', 'dish_83.jpg', 'dish_83.jpg', 1732898264, 0, 0, 0),
('c1266260-e4d6-4028-9a16-df79586dd53e', '0d10d133-daa4-4475-97ce-b79ea4b52e54', 'Ragu', 724.97, 'dish_55.jpg', 'dish_55.jpg', 'dish_55.jpg', 1732898264, 0, 0, 0),
('c2973a9a-f000-463e-a3dd-26a1ff68e86e', '0feef8fa-6c52-4578-953f-583ffc867139', 'Chicken Shawarma', 946.93, 'dish_37.jpg', 'dish_37.jpg', 'dish_37.jpg', 1732898264, 0, 0, 0),
('c304b5ea-bde9-4a23-bf34-d468801f5c3a', '95b246d2-dc8d-44d8-9b82-24d1194b3f09', 'Baked Ziti', 513.21, 'dish_41.jpg', 'dish_41.jpg', 'dish_41.jpg', 1732898264, 0, 0, 0),
('c3a374ee-1107-4fd3-8994-76239278e698', '836b8972-f314-456f-8770-5ac853683824', 'Carne Asada', 587.45, 'dish_48.jpg', 'dish_48.jpg', 'dish_48.jpg', 1732898264, 0, 0, 0),
('c3d19f14-ac58-4347-9fb6-cb698f1fbc26', 'a139dabe-691b-4d42-b9aa-2fe1ee4d476f', 'Mole Poblano', 802.48, 'dish_51.jpg', 'dish_51.jpg', 'dish_51.jpg', 1732898264, 0, 0, 0),
('c3dfe286-ffef-4ad6-83e1-cf5a7b99fbf6', 'a139dabe-691b-4d42-b9aa-2fe1ee4d476f', 'Paella', 841.05, 'dish_44.jpg', 'dish_44.jpg', 'dish_44.jpg', 1732898264, 0, 0, 0),
('c482380a-1289-4441-85ef-93e4c32ed310', '6db1563c-5242-41a4-b0cd-8bd22bc98bfa', 'Hummus', 597.00, 'dish_55.jpg', 'dish_55.jpg', 'dish_55.jpg', 1732898264, 0, 0, 0),
('c4873245-7e1a-4398-ba46-ab09d9fddf8d', '8269a3e9-b64b-4cfd-8495-4b02093bc449', 'Roti', 801.99, 'dish_26.jpg', 'dish_26.jpg', 'dish_26.jpg', 1732898264, 0, 0, 0),
('c5b87d00-9133-40d4-8d6e-3251b2148c33', '60468876-7a70-441a-a190-83897ddaee5d', 'Biryani', 885.38, 'dish_31.jpg', 'dish_31.jpg', 'dish_31.jpg', 1732898264, 0, 0, 0),
('c65e5a3c-e1be-4b90-9399-7405747f325f', '5e164027-d87b-4c97-8402-a373d5bfb03e', 'Pad Thai', 558.46, 'dish_50.jpg', 'dish_50.jpg', 'dish_50.jpg', 1732898264, 0, 0, 0),
('c8a41afc-f1d3-4fc1-8c6d-f41ca14912ad', '2413e2e1-0807-4314-977d-69eabc27ea0e', 'Stuffed Bell Peppers', 792.87, 'dish_92.jpg', 'dish_92.jpg', 'dish_92.jpg', 1732898264, 0, 0, 0),
('c8bf70c7-e0b0-433c-9b64-aa843253a05d', '74ce0c53-7ded-4052-947e-3334b87ceaf5', 'Maki Rolls', 824.35, 'dish_1.jpg', 'dish_1.jpg', 'dish_1.jpg', 1732898264, 0, 0, 0),
('c9519c8e-712b-4c1c-adbc-f5bfbc497aec', '0c93e9b0-e6c2-4ee7-906c-fd36a0d473cd', 'Pizza Margherita', 787.85, 'dish_90.jpg', 'dish_90.jpg', 'dish_90.jpg', 1732898264, 0, 0, 0),
('cac20b8d-c10d-4c1f-8601-5511f7fb981f', '55305bb3-0185-4d36-a972-2c9e89821b27', 'Fajitas', 871.19, 'dish_77.jpg', 'dish_77.jpg', 'dish_77.jpg', 1732898264, 0, 0, 0),
('cae4e41d-6fe9-4d3f-8084-6753f65de9db', 'cc71c2fa-1ae9-44b4-9589-90e00787ac42', 'Hamburger', 577.11, 'dish_25.jpg', 'dish_25.jpg', 'dish_25.jpg', 1732898264, 0, 0, 0),
('cbc9f4df-b3f4-40ae-9cbc-e6af0b2b10c6', 'a139dabe-691b-4d42-b9aa-2fe1ee4d476f', 'Gnocchi', 738.00, 'dish_75.jpg', 'dish_75.jpg', 'dish_75.jpg', 1732898264, 0, 0, 0),
('ce2cdb55-40ee-4c2e-bac2-4876d487e05a', '9ddbd265-8daf-49df-a556-4b89a7e22a72', 'Kimchi', 854.98, 'dish_17.jpg', 'dish_17.jpg', 'dish_17.jpg', 1732898264, 0, 0, 0),
('cfce771f-483d-4047-b98e-b5dde84725f3', 'cc71c2fa-1ae9-44b4-9589-90e00787ac42', 'Maki Rolls', 552.23, 'dish_13.jpg', 'dish_13.jpg', 'dish_13.jpg', 1732898264, 0, 0, 0),
('d157ae6d-ceec-4dda-8343-2d38c9346fd7', '0bfd34ed-3206-4aa1-9d4d-27c2d197dc60', 'Ratatouille', 724.14, 'dish_9.jpg', 'dish_9.jpg', 'dish_9.jpg', 1732898264, 0, 0, 0),
('d2ac30d9-afc2-438b-ab9b-faed15059ac1', 'f8ecacea-cdd5-412e-9b85-7044d52323b9', 'Chilaquiles', 971.23, 'dish_6.jpg', 'dish_6.jpg', 'dish_6.jpg', 1732898264, 0, 0, 0),
('d376b05b-871e-4b30-9e3d-06becb025469', '4dba19bb-1e18-451d-9b85-c6aa65cfb30e', 'Clam Chowder', 964.47, 'dish_8.jpg', 'dish_8.jpg', 'dish_8.jpg', 1732898264, 0, 0, 0),
('d3c6f783-f59e-4102-8315-629a4fdb2687', 'cc71c2fa-1ae9-44b4-9589-90e00787ac42', 'Paella Valenciana', 988.40, 'dish_53.jpg', 'dish_53.jpg', 'dish_53.jpg', 1732898264, 0, 0, 0),
('d4e47d22-dcb3-4e98-a2d7-426589765d9d', 'ddb425fa-af52-409b-9e15-ee15944e6ee5', 'Beef Burritos', 522.27, 'dish_4.jpg', 'dish_4.jpg', 'dish_4.jpg', 1732898264, 0, 0, 0),
('d4ea3773-359e-4973-a173-852326c0df49', '1626a4fa-4a55-45a3-8c65-8769acab1529', 'Spaghetti Carbonara', 896.37, 'dish_6.jpg', 'dish_6.jpg', 'dish_6.jpg', 1732898264, 0, 0, 0),
('d5b5ea82-f489-41f8-95e1-9c9454a90ec1', 'd9451ecc-2450-4d1f-aade-419085117691', 'Panzanella', 816.19, 'dish_88.jpg', 'dish_88.jpg', 'dish_88.jpg', 1732898264, 0, 0, 0),
('dabe1cb9-1d5c-4822-91a5-d6c93cbbcbca', '0feef8fa-6c52-4578-953f-583ffc867139', 'Chateaubriand', 964.96, 'dish_98.jpg', 'dish_98.jpg', 'dish_98.jpg', 1732898264, 0, 0, 0),
('db9ff7cc-5eb4-4018-b566-cf1805041367', '5e164027-d87b-4c97-8402-a373d5bfb03e', 'Ceviche', 528.42, 'dish_30.jpg', 'dish_30.jpg', 'dish_30.jpg', 1732898264, 0, 0, 0),
('dc0a753c-2b87-45c8-8372-f760500846d6', '378dd9bf-ac7e-4766-a9a2-6799a23e59ac', 'Samosas', 541.02, 'dish_19.jpg', 'dish_19.jpg', 'dish_19.jpg', 1732898264, 0, 0, 0),
('dc9d51fe-20e5-4aa4-a0e3-1c7902454f2e', 'b57fb801-8d8d-42c6-8c39-b966fac70cc3', 'Lobster Roll', 852.41, 'dish_31.jpg', 'dish_31.jpg', 'dish_31.jpg', 1732898264, 0, 0, 0),
('dcfcd38a-4aa0-435b-8f5e-e51c261acd53', 'ff56a07e-4cc2-4155-9663-c452bbf80266', 'Clam Chowder', 536.79, 'dish_98.jpg', 'dish_98.jpg', 'dish_98.jpg', 1732898264, 0, 0, 0),
('ddbddb9c-5385-4e06-bd11-be61434554e0', '95b246d2-dc8d-44d8-9b82-24d1194b3f09', 'Pho', 531.18, 'dish_5.jpg', 'dish_5.jpg', 'dish_5.jpg', 1732898264, 0, 0, 0),
('ddfd469b-6bd1-4b61-a757-fa90441e9f5c', 'ca84011a-7be7-4eda-9c04-fccee0ad02ea', 'Beef Stroganoff', 954.72, 'dish_72.jpg', 'dish_72.jpg', 'dish_72.jpg', 1732898264, 0, 0, 0),
('df29c04e-197c-4a27-9c40-66aaff10f6fa', '8e3607a2-4c50-428f-a291-1f8ce4b75584', 'Blini with Caviar', 740.00, 'dish_62.jpg', 'dish_62.jpg', 'dish_62.jpg', 1732898264, 0, 0, 0),
('dfa0fe8e-ec26-4732-8215-5e94cb4b5b8e', 'ca84011a-7be7-4eda-9c04-fccee0ad02ea', 'Chicken Alfredo', 716.18, 'dish_6.jpg', 'dish_6.jpg', 'dish_6.jpg', 1732898264, 0, 0, 0),
('e0340cb7-d6f1-4e6e-8ab6-a0ccd10c4527', '997fde5a-c76a-457c-83d0-8f4767178e45', 'Blini with Caviar', 943.80, 'dish_59.jpg', 'dish_59.jpg', 'dish_59.jpg', 1732898264, 0, 0, 0),
('e0e846b1-c862-40f5-a311-417537b8ecc0', 'd3a2fb5a-f693-412a-8536-e8cf6adac7c4', 'Bangers and Mash', 728.79, 'dish_27.jpg', 'dish_27.jpg', 'dish_27.jpg', 1732898264, 0, 0, 0),
('e198d94c-d2a3-429b-b54d-096e6df8bd2d', 'dccbe4cd-10b7-43b4-b736-edf8d6df3c4e', 'Hummus', 527.28, 'dish_13.jpg', 'dish_13.jpg', 'dish_13.jpg', 1732898264, 0, 0, 0),
('e2cf98a8-0dbb-453f-9fad-f8d6b023f7a9', '8e3607a2-4c50-428f-a291-1f8ce4b75584', 'Pad Thai', 684.97, 'dish_51.jpg', 'dish_51.jpg', 'dish_51.jpg', 1732898264, 0, 0, 0),
('e33564a7-c8ef-408d-adca-939a2f9437f4', '5e164027-d87b-4c97-8402-a373d5bfb03e', 'Bulgogi', 538.34, 'dish_17.jpg', 'dish_17.jpg', 'dish_17.jpg', 1732898264, 0, 0, 0),
('e3653ad0-800d-48fe-aade-11a5bb804e3f', '8269a3e9-b64b-4cfd-8495-4b02093bc449', 'Spaghetti Carbonara', 782.82, 'dish_68.jpg', 'dish_68.jpg', 'dish_68.jpg', 1732898264, 0, 0, 0),
('e6924a32-6910-40d2-84fe-ca1a17fbd69a', 'b0dd754a-91ee-45db-aa9c-4740716582a6', 'Paella Valenciana', 736.90, 'dish_65.jpg', 'dish_65.jpg', 'dish_65.jpg', 1732898264, 0, 0, 0),
('e7bff6cc-1746-492d-8365-70bb13ea9e34', '0d9d1e67-9cc4-4a96-b41c-5c5e4d258168', 'Caesar Salad', 629.42, 'dish_51.jpg', 'dish_51.jpg', 'dish_51.jpg', 1732898264, 0, 0, 0),
('e979d9ef-6041-47b0-8407-b16f3e66c138', '5e67148d-5296-47e9-a8c5-3736104434aa', 'Clafoutis', 833.84, 'dish_89.jpg', 'dish_89.jpg', 'dish_89.jpg', 1732898264, 0, 0, 0),
('e9bec375-6715-4664-bcab-80e7c7dfde21', '0d10d133-daa4-4475-97ce-b79ea4b52e54', 'Beef Stroganoff', 659.10, 'dish_75.jpg', 'dish_75.jpg', 'dish_75.jpg', 1732898264, 0, 0, 0),
('eb2a322c-9c8c-477d-8bf1-b40988c8c297', '03a7878a-1d43-4e9a-ba49-4bc98a48e591', 'Kimchi', 720.97, 'dish_80.jpg', 'dish_80.jpg', 'dish_80.jpg', 1732898264, 0, 0, 0),
('ec5e1f47-076a-40c5-bc57-8225263503fd', '0127c6d4-539c-4c13-b7b8-3736382f43a6', 'Tandoori Chicken', 723.13, 'dish_76.jpg', 'dish_76.jpg', 'dish_76.jpg', 1732898264, 0, 0, 0),
('ec663fb6-02b2-4269-b446-d10b154946d2', '1626a4fa-4a55-45a3-8c65-8769acab1529', 'Lasagna', 708.42, 'dish_93.jpg', 'dish_93.jpg', 'dish_93.jpg', 1732898264, 0, 0, 0),
('ec7e3c79-6744-4871-9236-f4ea79c1b553', '9306e69c-f64f-4ca9-b0cb-2c6ddaf68c22', 'Chicken Shawarma', 792.80, 'dish_81.jpg', 'dish_81.jpg', 'dish_81.jpg', 1732898264, 0, 0, 0),
('ecc1b86e-039b-4b79-a956-5bd01e947b9d', '1626a4fa-4a55-45a3-8c65-8769acab1529', 'Fajitas', 719.43, 'dish_90.jpg', 'dish_90.jpg', 'dish_90.jpg', 1732898264, 0, 0, 0),
('edb7d6dd-efb2-4568-b65d-1950987e0455', 'cc71c2fa-1ae9-44b4-9589-90e00787ac42', 'Crepes', 813.84, 'dish_95.jpg', 'dish_95.jpg', 'dish_95.jpg', 1732898264, 0, 0, 0),
('ee5a9922-9be0-44e5-b65e-ddc2d2a9cca5', 'dccbe4cd-10b7-43b4-b736-edf8d6df3c4e', 'Tofu Stir Fry', 639.91, 'dish_89.jpg', 'dish_89.jpg', 'dish_89.jpg', 1732898264, 0, 0, 0),
('eefef26d-5ee8-4c3d-9954-86a25a573ba2', '337741e3-ddf8-46a6-a327-550fc3c0f961', 'Chicken Katsu', 643.64, 'dish_21.jpg', 'dish_21.jpg', 'dish_21.jpg', 1732898264, 0, 0, 0),
('efed2d5f-382f-407b-93b3-81bd28431e93', '0c93e9b0-e6c2-4ee7-906c-fd36a0d473cd', 'Pork Ribs', 972.47, 'dish_28.jpg', 'dish_28.jpg', 'dish_28.jpg', 1732898264, 0, 0, 0),
('f4a5032d-2f9b-4ebb-9187-be170b116ff6', '3d359cc0-5006-4de3-b4c6-2e0ae9d6b70a', 'Salmon Teriyaki', 979.79, 'dish_35.jpg', 'dish_35.jpg', 'dish_35.jpg', 1732898264, 0, 0, 0),
('f518f1ce-970b-45a0-aa59-784c79b4ca8d', '0bfd34ed-3206-4aa1-9d4d-27c2d197dc60', 'Cordon Bleu', 758.69, 'dish_45.jpg', 'dish_45.jpg', 'dish_45.jpg', 1732898264, 0, 0, 0),
('f5adf619-1b8f-496c-9dfb-de594d538a87', 'b0dd754a-91ee-45db-aa9c-4740716582a6', 'Tortilla Española', 620.50, 'dish_36.jpg', 'dish_36.jpg', 'dish_36.jpg', 1732898264, 0, 0, 0),
('f5b56ef8-16a4-454f-86b2-27169fd0d5cb', '3d359cc0-5006-4de3-b4c6-2e0ae9d6b70a', 'Bulgogi', 825.67, 'dish_82.jpg', 'dish_82.jpg', 'dish_82.jpg', 1732898264, 0, 0, 0),
('f60fc920-f76a-49a4-8402-ddf5d52a6da9', 'd3a2fb5a-f693-412a-8536-e8cf6adac7c4', 'Falafel', 653.39, 'dish_73.jpg', 'dish_73.jpg', 'dish_73.jpg', 1732898264, 0, 0, 0),
('f63e03a9-87ec-45c3-9c2e-16c32db77171', '337741e3-ddf8-46a6-a327-550fc3c0f961', 'Moussaka', 537.05, 'dish_18.jpg', 'dish_18.jpg', 'dish_18.jpg', 1732898264, 0, 0, 0),
('f6e0f16b-3fe9-46a1-be20-3b188a3b7a26', '0297439a-8e99-42d9-966b-98d7207ab861', 'Lasagna', 869.44, 'dish_92.jpg', 'dish_92.jpg', 'dish_92.jpg', 1732898264, 0, 0, 0),
('f8ddce91-8766-4b9f-a78c-a39efa603ec8', '997fde5a-c76a-457c-83d0-8f4767178e45', 'Mole Poblano', 815.42, 'dish_18.jpg', 'dish_18.jpg', 'dish_18.jpg', 1732898264, 0, 0, 0),
('f9b2ed9d-5a85-4789-a9a0-2ba5a03d78d2', '27a86a6f-0271-429c-ad82-a1c7f93580f6', 'Bangers and Mash', 756.11, 'dish_13.jpg', 'dish_13.jpg', 'dish_13.jpg', 1732898264, 0, 0, 0),
('fa3a43f7-e184-4727-b69a-70844645f7e3', '836b8972-f314-456f-8770-5ac853683824', 'Burrito', 642.05, 'dish_91.jpg', 'dish_91.jpg', 'dish_91.jpg', 1732898264, 0, 0, 0),
('fadefea5-076c-4e9c-aa8e-a7a8f826cb1e', '39843d84-114c-4b39-8afe-d5c4d110f77d', 'Pork Ribs', 955.64, 'dish_87.jpg', 'dish_87.jpg', 'dish_87.jpg', 1732898264, 0, 0, 0),
('fb41aff8-d46e-481a-b814-f0767d86121f', 'f8ecacea-cdd5-412e-9b85-7044d52323b9', 'Bangers and Mash', 820.83, 'dish_69.jpg', 'dish_69.jpg', 'dish_69.jpg', 1732898264, 0, 0, 0);
INSERT INTO `items` (`item_pk`, `item_user_fk`, `item_title`, `item_price`, `item_image_1`, `item_image_2`, `item_image_3`, `item_created_at`, `item_deleted_at`, `item_blocked_at`, `item_updated_at`) VALUES
('fc92abf7-8880-40dc-ab7c-c4eed6ba47e3', 'dccbe4cd-10b7-43b4-b736-edf8d6df3c4e', 'Beef Burritos', 625.06, 'dish_68.jpg', 'dish_68.jpg', 'dish_68.jpg', 1732898264, 0, 0, 0),
('fcaa0fc9-f4da-44ce-b850-039954960bda', '7e1304ec-255c-4c9e-bd92-dc069a51fd5f', 'Maki Sushi', 605.65, 'dish_17.jpg', 'dish_17.jpg', 'dish_17.jpg', 1732898264, 0, 0, 0),
('fd8c092d-46a3-46aa-aef0-f032b1c8e971', '997fde5a-c76a-457c-83d0-8f4767178e45', 'Clafoutis', 616.12, 'dish_68.jpg', 'dish_68.jpg', 'dish_68.jpg', 1732898264, 0, 0, 0),
('fdae7a3e-2bb0-4c28-adc5-9716ee345996', '0d10d133-daa4-4475-97ce-b79ea4b52e54', 'Maki Rolls', 644.85, 'dish_61.jpg', 'dish_61.jpg', 'dish_61.jpg', 1732898264, 0, 0, 0),
('fe7a4f09-02ee-435e-8cf6-a0746d46b18b', 'e38d6471-de53-4a4e-a926-d521f064632f', 'Cordon Bleu', 581.18, 'dish_30.jpg', 'dish_30.jpg', 'dish_30.jpg', 1732898264, 0, 0, 0);

-- --------------------------------------------------------

--
-- Struktur-dump for tabellen `roles`
--

CREATE TABLE `roles` (
  `role_pk` char(36) NOT NULL,
  `role_name` varchar(10) NOT NULL
) ENGINE=InnoDB DEFAULT CHARSET=utf8mb4 COLLATE=utf8mb4_0900_ai_ci;

--
-- Data dump for tabellen `roles`
--

INSERT INTO `roles` (`role_pk`, `role_name`) VALUES
('16fd2706-8baf-433b-82eb-8c7fada847da', 'admin'),
('c56a4180-65aa-42ec-a945-5fd21dec0538', 'customer'),
('f47ac10b-58cc-4372-a567-0e02b2c3d479', 'partner'),
('9f8c8d22-5a67-4b6c-89d7-58f8b8cb4e15', 'restaurant');

-- --------------------------------------------------------

--
-- Struktur-dump for tabellen `users`
--

CREATE TABLE `users` (
  `user_pk` char(36) NOT NULL,
  `user_name` varchar(20) NOT NULL,
  `user_last_name` varchar(20) NOT NULL,
  `user_email` varchar(100) NOT NULL,
  `user_password` varchar(255) NOT NULL,
  `user_avatar` varchar(50) DEFAULT NULL,
  `user_created_at` int UNSIGNED DEFAULT NULL,
  `user_deleted_at` int UNSIGNED DEFAULT NULL,
  `user_blocked_at` int UNSIGNED DEFAULT NULL,
  `user_updated_at` int UNSIGNED DEFAULT NULL,
  `user_verified_at` int UNSIGNED DEFAULT NULL,
  `user_verification_key` char(36) DEFAULT NULL
) ENGINE=InnoDB DEFAULT CHARSET=utf8mb4 COLLATE=utf8mb4_0900_ai_ci;

--
-- Data dump for tabellen `users`
--

INSERT INTO `users` (`user_pk`, `user_name`, `user_last_name`, `user_email`, `user_password`, `user_avatar`, `user_created_at`, `user_deleted_at`, `user_blocked_at`, `user_updated_at`, `user_verified_at`, `user_verification_key`) VALUES
('0127c6d4-539c-4c13-b7b8-3736382f43a6', 'Daniel', '', 'cjames@example.net', 'scrypt:32768:8:1$EV8aktz4oRsH2Cfs$0de201d9990bc2f799990e75dd615ef5f16c9f2223875d9cac8df245ba2a03bd9b209d8b95c41e3829a4670504cf5f441b9abb5d21540f255e1cafd0793b975f', 'profile_91.jpg', 1732898264, 0, 0, 0, 0, '3c0247ba-6a61-4ea2-8a1f-0e7152a0eed8'),
('0297439a-8e99-42d9-966b-98d7207ab861', 'Richard', '', 'hannah23@example.org', 'scrypt:32768:8:1$EV8aktz4oRsH2Cfs$0de201d9990bc2f799990e75dd615ef5f16c9f2223875d9cac8df245ba2a03bd9b209d8b95c41e3829a4670504cf5f441b9abb5d21540f255e1cafd0793b975f', 'profile_28.jpg', 1732898264, 0, 0, 0, 1732898264, '26ead713-ed28-4184-9d75-6802ef88d947'),
('02fd96df-d20f-4aee-8cdd-61c03f1f94f3', 'Devin', '', 'shannon44@example.net', 'scrypt:32768:8:1$EV8aktz4oRsH2Cfs$0de201d9990bc2f799990e75dd615ef5f16c9f2223875d9cac8df245ba2a03bd9b209d8b95c41e3829a4670504cf5f441b9abb5d21540f255e1cafd0793b975f', 'profile_10.jpg', 1732898264, 0, 0, 0, 1732898264, '16f30a8c-638c-4f4d-b779-ebc238010d5a'),
('03a7878a-1d43-4e9a-ba49-4bc98a48e591', 'Kristen', '', 'ruben19@example.net', 'scrypt:32768:8:1$EV8aktz4oRsH2Cfs$0de201d9990bc2f799990e75dd615ef5f16c9f2223875d9cac8df245ba2a03bd9b209d8b95c41e3829a4670504cf5f441b9abb5d21540f255e1cafd0793b975f', 'profile_64.jpg', 1732898264, 0, 0, 0, 1732898264, 'd0171d72-e3ed-469e-a991-32303f245e0f'),
('0486d93c-ebc4-408e-a49f-4e462260eb13', 'Victoria', 'Green', 'petersonbeth@example.com', 'scrypt:32768:8:1$OXN1FPVqsaweSOIv$4a484a0f28624103cfdab64ff259e264b88779d8f71ba469998ed0767c05cd138cd7fe5a02dc2a44234326013bfd5a7447449d68d680f45d028483f49a59a19e', 'profile_79.jpg', 1732898263, 0, 0, 0, 1732898263, 'f874df0b-402c-4c50-ac42-c4f30aa5c4bb'),
('04fbeb6b-da57-482b-ac70-18ad34656560', 'Anthony', 'Harris', 'nancy22@example.net', 'scrypt:32768:8:1$OXN1FPVqsaweSOIv$4a484a0f28624103cfdab64ff259e264b88779d8f71ba469998ed0767c05cd138cd7fe5a02dc2a44234326013bfd5a7447449d68d680f45d028483f49a59a19e', 'profile_56.jpg', 1732898263, 0, 0, 0, 1732898263, '2ff32922-e329-4474-af1b-a7dfaa5cb179'),
('0720e1bb-a71b-4e9b-80b6-66b961c2d662', 'Hannah', 'Rodriguez', 'kelleyamber@example.com', 'scrypt:32768:8:1$Dg72tQg62mvScg0u$e9090488088ca340459fdf31c3bb35ec4121dcbeaa5aabaf9bdabe0cea8a8daecf24c4d4786be96d8b33bd8f878328c56ed92a06092d53175bdb46e616a26da2', 'profile_64.jpg', 1732898263, 0, 0, 0, 0, 'f0000016-3310-4c4c-8be7-58207ad1684c'),
('090b2d5c-bc3a-413d-aa90-5c10b3605ace', 'Lisa', 'Roy', 'reesemary@example.org', 'scrypt:32768:8:1$OXN1FPVqsaweSOIv$4a484a0f28624103cfdab64ff259e264b88779d8f71ba469998ed0767c05cd138cd7fe5a02dc2a44234326013bfd5a7447449d68d680f45d028483f49a59a19e', 'profile_19.jpg', 1732898263, 0, 0, 0, 0, '3dd0af6d-767c-4d64-a71f-1a34c3de47b9'),
('0bfd34ed-3206-4aa1-9d4d-27c2d197dc60', 'Charles', '', 'kayla91@example.net', 'scrypt:32768:8:1$EV8aktz4oRsH2Cfs$0de201d9990bc2f799990e75dd615ef5f16c9f2223875d9cac8df245ba2a03bd9b209d8b95c41e3829a4670504cf5f441b9abb5d21540f255e1cafd0793b975f', 'profile_53.jpg', 1732898264, 0, 0, 0, 0, '95e68dd4-e5f2-4075-b2c5-207eb4f2f8c2'),
('0c93e9b0-e6c2-4ee7-906c-fd36a0d473cd', 'Lindsay', '', 'ocordova@example.net', 'scrypt:32768:8:1$EV8aktz4oRsH2Cfs$0de201d9990bc2f799990e75dd615ef5f16c9f2223875d9cac8df245ba2a03bd9b209d8b95c41e3829a4670504cf5f441b9abb5d21540f255e1cafd0793b975f', 'profile_5.jpg', 1732898264, 0, 0, 0, 1732898264, 'af71bcb8-3d78-4ca0-abd0-a3edd2fbb0ae'),
('0d10d133-daa4-4475-97ce-b79ea4b52e54', 'Kelsey', '', 'isaac83@example.net', 'scrypt:32768:8:1$EV8aktz4oRsH2Cfs$0de201d9990bc2f799990e75dd615ef5f16c9f2223875d9cac8df245ba2a03bd9b209d8b95c41e3829a4670504cf5f441b9abb5d21540f255e1cafd0793b975f', 'profile_96.jpg', 1732898264, 0, 0, 0, 1732898264, '55119b61-c9e3-4ecf-b4f5-09114c1a7473'),
('0d9d1e67-9cc4-4a96-b41c-5c5e4d258168', 'John', '', 'buckleymelissa@example.net', 'scrypt:32768:8:1$EV8aktz4oRsH2Cfs$0de201d9990bc2f799990e75dd615ef5f16c9f2223875d9cac8df245ba2a03bd9b209d8b95c41e3829a4670504cf5f441b9abb5d21540f255e1cafd0793b975f', 'profile_22.jpg', 1732898264, 0, 0, 0, 1732898264, '8de22675-2726-48e0-a682-caf070f1ebae'),
('0fb0e6da-064b-4aa7-84f5-48b3e44176ac', 'Shannon', 'Wood', 'danielsingh@example.com', 'scrypt:32768:8:1$OXN1FPVqsaweSOIv$4a484a0f28624103cfdab64ff259e264b88779d8f71ba469998ed0767c05cd138cd7fe5a02dc2a44234326013bfd5a7447449d68d680f45d028483f49a59a19e', 'profile_14.jpg', 1732898263, 0, 0, 0, 0, '135ba69c-712d-4857-b26d-8b7887ff58da'),
('0feef8fa-6c52-4578-953f-583ffc867139', 'Daniel', '', 'hahnchristian@example.net', 'scrypt:32768:8:1$EV8aktz4oRsH2Cfs$0de201d9990bc2f799990e75dd615ef5f16c9f2223875d9cac8df245ba2a03bd9b209d8b95c41e3829a4670504cf5f441b9abb5d21540f255e1cafd0793b975f', 'profile_65.jpg', 1732898264, 0, 0, 0, 0, '9553e098-7578-4e21-b4db-e2ee65cd2e8e'),
('1175d60b-5cf1-489e-a042-22d9227f6850', 'Julie', 'Johnson', 'arthurtrujillo@example.com', 'scrypt:32768:8:1$Dg72tQg62mvScg0u$e9090488088ca340459fdf31c3bb35ec4121dcbeaa5aabaf9bdabe0cea8a8daecf24c4d4786be96d8b33bd8f878328c56ed92a06092d53175bdb46e616a26da2', 'profile_67.jpg', 1732898263, 0, 0, 0, 1732898263, '3a0a13af-452c-4068-af6c-25ad97d753a0'),
('11acafe0-7b6c-4920-8794-4598ec82fa61', 'David', 'Johnston', 'denisenelson@example.net', 'scrypt:32768:8:1$OXN1FPVqsaweSOIv$4a484a0f28624103cfdab64ff259e264b88779d8f71ba469998ed0767c05cd138cd7fe5a02dc2a44234326013bfd5a7447449d68d680f45d028483f49a59a19e', 'profile_2.jpg', 1732898263, 0, 0, 0, 1732898263, 'eb7df22c-b3c4-45b1-a66e-dda1ee061d0b'),
('12b64dda-9ada-4ec9-80fc-fa61c9f4969d', 'Christine', 'Reeves', 'gary37@example.net', 'scrypt:32768:8:1$OXN1FPVqsaweSOIv$4a484a0f28624103cfdab64ff259e264b88779d8f71ba469998ed0767c05cd138cd7fe5a02dc2a44234326013bfd5a7447449d68d680f45d028483f49a59a19e', 'profile_55.jpg', 1732898263, 0, 0, 0, 1732898263, 'a37b3538-297b-4696-b441-f69e80b57d1f'),
('1313d1e8-03cf-43d2-ab40-189438f946bc', 'Stephanie', 'Montgomery', 'jacobsimmons@testsite.org', 'scrypt:32768:8:1$Dg72tQg62mvScg0u$e9090488088ca340459fdf31c3bb35ec4121dcbeaa5aabaf9bdabe0cea8a8daecf24c4d4786be96d8b33bd8f878328c56ed92a06092d53175bdb46e616a26da2', 'profile_43.jpg', 1732898263, 0, 0, 0, 0, 'dfa9f270-3856-4c18-9138-2b9590e52755'),
('1626a4fa-4a55-45a3-8c65-8769acab1529', 'Donald', '', 'thernandez@example.org', 'scrypt:32768:8:1$EV8aktz4oRsH2Cfs$0de201d9990bc2f799990e75dd615ef5f16c9f2223875d9cac8df245ba2a03bd9b209d8b95c41e3829a4670504cf5f441b9abb5d21540f255e1cafd0793b975f', 'profile_88.jpg', 1732898264, 0, 0, 0, 0, '4cd4a149-007f-4fa0-97a2-94d88f83c6e7'),
('1665c2cb-051c-442f-8de6-1d93309f7697', 'Gilbert', 'Byrd', 'zporter@hotmail.com', 'scrypt:32768:8:1$Dg72tQg62mvScg0u$e9090488088ca340459fdf31c3bb35ec4121dcbeaa5aabaf9bdabe0cea8a8daecf24c4d4786be96d8b33bd8f878328c56ed92a06092d53175bdb46e616a26da2', 'profile_29.jpg', 1732898263, 0, 0, 0, 1732898263, '60075af4-3761-45c7-af85-964594dbca3d'),
('1bd8fb9e-5445-40a0-b991-67d0e0366df3', 'Tammy', 'Padilla', 'carolynmartin@example.org', 'scrypt:32768:8:1$OXN1FPVqsaweSOIv$4a484a0f28624103cfdab64ff259e264b88779d8f71ba469998ed0767c05cd138cd7fe5a02dc2a44234326013bfd5a7447449d68d680f45d028483f49a59a19e', 'profile_69.jpg', 1732898263, 0, 0, 0, 0, 'f1939a4a-aa12-413f-b23e-5db06fa9c77c'),
('1c22145b-0656-484a-baff-8ceeb9196616', 'Jonathan', 'Cortez', 'bcarroll@mydomain.net', 'scrypt:32768:8:1$Dg72tQg62mvScg0u$e9090488088ca340459fdf31c3bb35ec4121dcbeaa5aabaf9bdabe0cea8a8daecf24c4d4786be96d8b33bd8f878328c56ed92a06092d53175bdb46e616a26da2', 'profile_99.jpg', 1732898263, 0, 0, 0, 0, '04ba225f-4bbf-4d00-b09d-b8b6690fa787'),
('20b53c84-9928-4df7-9936-1e7983613127', 'Andrew', 'Lozano', 'goodmanjennifer@example.org', 'scrypt:32768:8:1$OXN1FPVqsaweSOIv$4a484a0f28624103cfdab64ff259e264b88779d8f71ba469998ed0767c05cd138cd7fe5a02dc2a44234326013bfd5a7447449d68d680f45d028483f49a59a19e', 'profile_46.jpg', 1732898263, 0, 0, 0, 1732898263, 'd3a49f6d-6c99-4b2b-98d2-048b141133ff'),
('23fbd504-261c-4adf-a062-572317989a64', 'Anthony', 'Green', 'frederick66@example.org', 'scrypt:32768:8:1$OXN1FPVqsaweSOIv$4a484a0f28624103cfdab64ff259e264b88779d8f71ba469998ed0767c05cd138cd7fe5a02dc2a44234326013bfd5a7447449d68d680f45d028483f49a59a19e', 'profile_47.jpg', 1732898263, 0, 0, 0, 0, 'd339f98a-67bd-4975-a743-2695c934aad4'),
('2413e2e1-0807-4314-977d-69eabc27ea0e', 'Derek', '', 'joshua02@example.net', 'scrypt:32768:8:1$EV8aktz4oRsH2Cfs$0de201d9990bc2f799990e75dd615ef5f16c9f2223875d9cac8df245ba2a03bd9b209d8b95c41e3829a4670504cf5f441b9abb5d21540f255e1cafd0793b975f', 'profile_80.jpg', 1732898264, 0, 0, 0, 1732898264, '043075a2-4c7a-4ff9-82c3-aff2600578bc'),
('27a86a6f-0271-429c-ad82-a1c7f93580f6', 'Virginia', '', 'murphytravis@example.com', 'scrypt:32768:8:1$EV8aktz4oRsH2Cfs$0de201d9990bc2f799990e75dd615ef5f16c9f2223875d9cac8df245ba2a03bd9b209d8b95c41e3829a4670504cf5f441b9abb5d21540f255e1cafd0793b975f', 'profile_39.jpg', 1732898264, 0, 0, 0, 0, '2745bf30-e52b-4d0b-9542-003742931007'),
('2854f43d-d1d6-43f6-9dc8-ed44f39f5f4f', 'Nancy', 'Vasquez', 'garciaelaine@mydomain.net', 'scrypt:32768:8:1$Dg72tQg62mvScg0u$e9090488088ca340459fdf31c3bb35ec4121dcbeaa5aabaf9bdabe0cea8a8daecf24c4d4786be96d8b33bd8f878328c56ed92a06092d53175bdb46e616a26da2', 'profile_75.jpg', 1732898263, 0, 0, 0, 0, '8a82d233-41ad-4202-92d5-e2032d8bfd52'),
('29bb46e7-7131-49dd-8cd4-77ac8759fab9', 'Tabitha', 'Oliver', 'lopezlee@gmail.com', 'scrypt:32768:8:1$Dg72tQg62mvScg0u$e9090488088ca340459fdf31c3bb35ec4121dcbeaa5aabaf9bdabe0cea8a8daecf24c4d4786be96d8b33bd8f878328c56ed92a06092d53175bdb46e616a26da2', 'profile_86.jpg', 1732898263, 0, 0, 0, 1732898263, '82661a1f-d3ea-459a-ad9d-6aac7f47e043'),
('2ac0fa4c-b257-4f4e-9088-4c25d5c5b5ac', 'Adrian', 'Foster', 'caseyrichard@website.co', 'scrypt:32768:8:1$Dg72tQg62mvScg0u$e9090488088ca340459fdf31c3bb35ec4121dcbeaa5aabaf9bdabe0cea8a8daecf24c4d4786be96d8b33bd8f878328c56ed92a06092d53175bdb46e616a26da2', 'profile_89.jpg', 1732898263, 0, 0, 0, 1732898263, '80874c9f-a285-46c4-9232-dc3687bbe662'),
('2b58656b-ac2a-483e-9454-3ac03a0bcc8d', 'Robin', 'Kennedy', 'srice@hotmail.com', 'scrypt:32768:8:1$Dg72tQg62mvScg0u$e9090488088ca340459fdf31c3bb35ec4121dcbeaa5aabaf9bdabe0cea8a8daecf24c4d4786be96d8b33bd8f878328c56ed92a06092d53175bdb46e616a26da2', 'profile_19.jpg', 1732898263, 0, 0, 0, 1732898263, '2de1cc1c-79e1-486e-b10b-30de28e0c31d'),
('308ccfb8-7908-4502-b4ca-e5f366583b45', 'John', 'Thomas', 'georgeclark@fakemail.io', 'scrypt:32768:8:1$Dg72tQg62mvScg0u$e9090488088ca340459fdf31c3bb35ec4121dcbeaa5aabaf9bdabe0cea8a8daecf24c4d4786be96d8b33bd8f878328c56ed92a06092d53175bdb46e616a26da2', 'profile_44.jpg', 1732898263, 0, 0, 0, 1732898263, '9a2e69e5-4612-421c-bde5-2c05eb047b43'),
('337741e3-ddf8-46a6-a327-550fc3c0f961', 'Dawn', '', 'beardthomas@example.net', 'scrypt:32768:8:1$EV8aktz4oRsH2Cfs$0de201d9990bc2f799990e75dd615ef5f16c9f2223875d9cac8df245ba2a03bd9b209d8b95c41e3829a4670504cf5f441b9abb5d21540f255e1cafd0793b975f', 'profile_53.jpg', 1732898264, 0, 0, 0, 1732898264, 'dbb69913-898e-4bb1-a51f-01976bf43328'),
('34cade4f-a492-46e9-b751-d33f0c113938', 'Stephanie', 'Young', 'ptownsend@testsite.org', 'scrypt:32768:8:1$Dg72tQg62mvScg0u$e9090488088ca340459fdf31c3bb35ec4121dcbeaa5aabaf9bdabe0cea8a8daecf24c4d4786be96d8b33bd8f878328c56ed92a06092d53175bdb46e616a26da2', 'profile_82.jpg', 1732898263, 0, 0, 0, 1732898263, 'a1bf24c0-52ef-48b5-a3d8-d6143bc32ec2'),
('36c8683f-c5b8-4a07-95fb-40b9b5d82e0a', 'Heather', 'Olson', 'lesliesmith@mydomain.net', 'scrypt:32768:8:1$Dg72tQg62mvScg0u$e9090488088ca340459fdf31c3bb35ec4121dcbeaa5aabaf9bdabe0cea8a8daecf24c4d4786be96d8b33bd8f878328c56ed92a06092d53175bdb46e616a26da2', 'profile_56.jpg', 1732898263, 0, 0, 0, 1732898263, '19cee743-f8b5-4229-94d3-19b4637d245f'),
('378dd9bf-ac7e-4766-a9a2-6799a23e59ac', 'Michelle', '', 'dramirez@example.org', 'scrypt:32768:8:1$EV8aktz4oRsH2Cfs$0de201d9990bc2f799990e75dd615ef5f16c9f2223875d9cac8df245ba2a03bd9b209d8b95c41e3829a4670504cf5f441b9abb5d21540f255e1cafd0793b975f', 'profile_64.jpg', 1732898264, 0, 0, 0, 1732898264, '1f962298-8810-4427-9be8-38954448014e'),
('39843d84-114c-4b39-8afe-d5c4d110f77d', 'Judith', '', 'sherrywallace@example.net', 'scrypt:32768:8:1$EV8aktz4oRsH2Cfs$0de201d9990bc2f799990e75dd615ef5f16c9f2223875d9cac8df245ba2a03bd9b209d8b95c41e3829a4670504cf5f441b9abb5d21540f255e1cafd0793b975f', 'profile_68.jpg', 1732898264, 0, 0, 0, 1732898264, '908bbec7-5192-460e-a237-76760ea387e5'),
('39927fdb-d640-463e-bee2-8614e2cf1111', 'Gregory', 'Adams', 'mckaylauren@fakemail.io', 'scrypt:32768:8:1$Dg72tQg62mvScg0u$e9090488088ca340459fdf31c3bb35ec4121dcbeaa5aabaf9bdabe0cea8a8daecf24c4d4786be96d8b33bd8f878328c56ed92a06092d53175bdb46e616a26da2', 'profile_64.jpg', 1732898263, 0, 0, 0, 1732898263, 'a6efb461-adaf-4c57-9c89-ee21ac0de73b'),
('39de9fb5-1e88-4913-b9c1-5eba75e71b67', 'Jessica', 'Valdez', 'shawkimberly@example.com', 'scrypt:32768:8:1$Dg72tQg62mvScg0u$e9090488088ca340459fdf31c3bb35ec4121dcbeaa5aabaf9bdabe0cea8a8daecf24c4d4786be96d8b33bd8f878328c56ed92a06092d53175bdb46e616a26da2', 'profile_49.jpg', 1732898263, 0, 0, 0, 0, '23d91f5c-9b0a-48ab-804e-be0b6eef3309'),
('3b2bc7a8-150f-4f8b-92a4-459ad40da00b', 'Katie', 'Simmons', 'stephen80@example.com', 'scrypt:32768:8:1$OXN1FPVqsaweSOIv$4a484a0f28624103cfdab64ff259e264b88779d8f71ba469998ed0767c05cd138cd7fe5a02dc2a44234326013bfd5a7447449d68d680f45d028483f49a59a19e', 'profile_47.jpg', 1732898263, 0, 0, 0, 1732898263, 'ff74d362-8956-4424-b4c9-cceea39aae2d'),
('3b3a81c4-2dcc-4b71-91a8-bcab74f02a9d', 'Stephanie', '', 'hobrien@example.org', 'scrypt:32768:8:1$EV8aktz4oRsH2Cfs$0de201d9990bc2f799990e75dd615ef5f16c9f2223875d9cac8df245ba2a03bd9b209d8b95c41e3829a4670504cf5f441b9abb5d21540f255e1cafd0793b975f', 'profile_9.jpg', 1732898264, 0, 0, 0, 0, '6a8a1c6c-456d-4249-8cc7-f820fe9509ec'),
('3c84a11b-3590-484b-989e-fa8c7f45054c', 'Stephanie', 'Lewis', 'fsmith@example.net', 'scrypt:32768:8:1$OXN1FPVqsaweSOIv$4a484a0f28624103cfdab64ff259e264b88779d8f71ba469998ed0767c05cd138cd7fe5a02dc2a44234326013bfd5a7447449d68d680f45d028483f49a59a19e', 'profile_63.jpg', 1732898263, 0, 0, 0, 0, 'ccb585ee-4483-451a-a086-c95bf905ca32'),
('3d359cc0-5006-4de3-b4c6-2e0ae9d6b70a', 'Matthew', '', 'benjamin68@example.net', 'scrypt:32768:8:1$EV8aktz4oRsH2Cfs$0de201d9990bc2f799990e75dd615ef5f16c9f2223875d9cac8df245ba2a03bd9b209d8b95c41e3829a4670504cf5f441b9abb5d21540f255e1cafd0793b975f', 'profile_67.jpg', 1732898264, 0, 0, 0, 0, 'd29e1779-5657-433d-8e1f-0d486a77aefe'),
('3dccfd6d-eb66-483b-90dc-8edb30a7e291', 'Elizabeth', 'Campbell', 'moranjohn@gmail.com', 'scrypt:32768:8:1$Dg72tQg62mvScg0u$e9090488088ca340459fdf31c3bb35ec4121dcbeaa5aabaf9bdabe0cea8a8daecf24c4d4786be96d8b33bd8f878328c56ed92a06092d53175bdb46e616a26da2', 'profile_62.jpg', 1732898263, 0, 0, 0, 1732898263, '31eb1ece-2042-4924-abc9-fb73939f1337'),
('4218788d-03b7-4812-bd7d-31c8859e92d8', 'John', 'Customer', 'customer@fulldemo.com', 'scrypt:32768:8:1$iBStcwjXW21ROXva$8fe1ebcd91f8ee99af3162009e4d8faac3f7054e4d542a21afa4aa82e29cf713137a4d271316f04b5f9cb922fdcd98f02e88c896b8ab0d955ce66befc1a2817a', 'profile_11.jpg', 1732898263, 0, 0, 0, 1732898263, '7534021c-8a60-45cc-93f6-a74e57a1ebac'),
('43e6bff9-9890-499c-ba47-bd0a06b32b26', 'Rebecca', 'Sandoval', 'jesse48@example.org', 'scrypt:32768:8:1$OXN1FPVqsaweSOIv$4a484a0f28624103cfdab64ff259e264b88779d8f71ba469998ed0767c05cd138cd7fe5a02dc2a44234326013bfd5a7447449d68d680f45d028483f49a59a19e', 'profile_89.jpg', 1732898263, 0, 0, 0, 0, 'a8249dbd-8286-4b07-824b-207fa864841a'),
('44165742-abb7-4dd3-81a5-0da68824c159', 'Erin', 'Gomez', 'allenmichael@gmail.com', 'scrypt:32768:8:1$Dg72tQg62mvScg0u$e9090488088ca340459fdf31c3bb35ec4121dcbeaa5aabaf9bdabe0cea8a8daecf24c4d4786be96d8b33bd8f878328c56ed92a06092d53175bdb46e616a26da2', 'profile_5.jpg', 1732898263, 0, 0, 0, 1732898263, 'ba0f7294-0677-42a5-812d-6c49aaffcf9d'),
('444be641-bc62-410e-9d11-264937f6099a', 'Alexander', '', 'lrubio@example.com', 'scrypt:32768:8:1$EV8aktz4oRsH2Cfs$0de201d9990bc2f799990e75dd615ef5f16c9f2223875d9cac8df245ba2a03bd9b209d8b95c41e3829a4670504cf5f441b9abb5d21540f255e1cafd0793b975f', 'profile_59.jpg', 1732898264, 0, 0, 0, 0, '6c147a43-f4b3-491e-855c-6c06aeb2bc75'),
('44f01dce-7e68-440a-b32e-af81133b0a20', 'Abigail', 'Navarro', 'sheridiaz@example.net', 'scrypt:32768:8:1$OXN1FPVqsaweSOIv$4a484a0f28624103cfdab64ff259e264b88779d8f71ba469998ed0767c05cd138cd7fe5a02dc2a44234326013bfd5a7447449d68d680f45d028483f49a59a19e', 'profile_98.jpg', 1732898263, 0, 0, 0, 1732898263, '7fd4b5a0-5837-4a5c-ae30-3161bdabb4fd'),
('46ec188b-7cb4-423d-941b-3d07ffac68ab', 'Lance', 'Francis', 'duncanmary@example.org', 'scrypt:32768:8:1$OXN1FPVqsaweSOIv$4a484a0f28624103cfdab64ff259e264b88779d8f71ba469998ed0767c05cd138cd7fe5a02dc2a44234326013bfd5a7447449d68d680f45d028483f49a59a19e', 'profile_21.jpg', 1732898263, 0, 0, 0, 0, '8c13cd32-7763-48a3-87f6-3ab4ec9b6e59'),
('4882e610-f9d4-4dec-8962-87b1dcb53a27', 'Kelsey', 'Burch', 'ssanchez@mydomain.net', 'scrypt:32768:8:1$Dg72tQg62mvScg0u$e9090488088ca340459fdf31c3bb35ec4121dcbeaa5aabaf9bdabe0cea8a8daecf24c4d4786be96d8b33bd8f878328c56ed92a06092d53175bdb46e616a26da2', 'profile_82.jpg', 1732898263, 0, 0, 0, 0, '90597cdf-0864-4b7c-afc3-3a51d005ef8e'),
('4d64c5e1-d909-4436-b54c-cc7572bf1f6a', 'Taylor', 'Bender', 'egarner@fakemail.io', 'scrypt:32768:8:1$Dg72tQg62mvScg0u$e9090488088ca340459fdf31c3bb35ec4121dcbeaa5aabaf9bdabe0cea8a8daecf24c4d4786be96d8b33bd8f878328c56ed92a06092d53175bdb46e616a26da2', 'profile_99.jpg', 1732898263, 0, 0, 0, 0, 'e1c4db83-75df-4b82-86ab-1f9d252cc4bc'),
('4dba19bb-1e18-451d-9b85-c6aa65cfb30e', 'Dawn', '', 'brownnicole@example.com', 'scrypt:32768:8:1$EV8aktz4oRsH2Cfs$0de201d9990bc2f799990e75dd615ef5f16c9f2223875d9cac8df245ba2a03bd9b209d8b95c41e3829a4670504cf5f441b9abb5d21540f255e1cafd0793b975f', 'profile_97.jpg', 1732898264, 0, 0, 0, 0, 'd7485d41-f1c1-49ea-baa1-4d029d117f43'),
('4e10aa86-25ab-4807-875c-a5255a4ba151', 'Chris', 'Carpenter', 'yhenson@example.org', 'scrypt:32768:8:1$OXN1FPVqsaweSOIv$4a484a0f28624103cfdab64ff259e264b88779d8f71ba469998ed0767c05cd138cd7fe5a02dc2a44234326013bfd5a7447449d68d680f45d028483f49a59a19e', 'profile_5.jpg', 1732898263, 0, 0, 0, 1732898263, 'f9826819-7eca-42d7-bd79-a8649bda05b0'),
('4f09e06a-7c7a-43cf-8b8b-a78900f43837', 'Ronald', 'Benson', 'stewartshane@example.net', 'scrypt:32768:8:1$OXN1FPVqsaweSOIv$4a484a0f28624103cfdab64ff259e264b88779d8f71ba469998ed0767c05cd138cd7fe5a02dc2a44234326013bfd5a7447449d68d680f45d028483f49a59a19e', 'profile_5.jpg', 1732898263, 0, 0, 0, 0, 'a2fdf88f-f8aa-4005-86dc-c7292504c7e6'),
('4f1d5548-7bce-4680-9756-e17feb528f39', 'Connor', '', 'msoto@example.net', 'scrypt:32768:8:1$EV8aktz4oRsH2Cfs$0de201d9990bc2f799990e75dd615ef5f16c9f2223875d9cac8df245ba2a03bd9b209d8b95c41e3829a4670504cf5f441b9abb5d21540f255e1cafd0793b975f', 'profile_89.jpg', 1732898264, 0, 0, 0, 0, 'dec562bd-742e-4138-aaac-1b13391b5fd4'),
('520e5b61-0063-4a0d-9da8-ce5b810cea59', 'Melinda', 'Herring', 'nicholasramirez@fakemail.io', 'scrypt:32768:8:1$Dg72tQg62mvScg0u$e9090488088ca340459fdf31c3bb35ec4121dcbeaa5aabaf9bdabe0cea8a8daecf24c4d4786be96d8b33bd8f878328c56ed92a06092d53175bdb46e616a26da2', 'profile_72.jpg', 1732898263, 0, 0, 0, 0, '4c504491-04dc-477c-b959-ea1923e2c6f8'),
('552d5c82-4370-4530-93b5-0653a6c8c950', 'Raymond', 'Barker', 'kgarrison@example.com', 'scrypt:32768:8:1$OXN1FPVqsaweSOIv$4a484a0f28624103cfdab64ff259e264b88779d8f71ba469998ed0767c05cd138cd7fe5a02dc2a44234326013bfd5a7447449d68d680f45d028483f49a59a19e', 'profile_44.jpg', 1732898263, 0, 0, 0, 0, '0ae93028-936d-4d22-82d3-8552aaa980a3'),
('55305bb3-0185-4d36-a972-2c9e89821b27', 'Michael', '', 'william44@example.org', 'scrypt:32768:8:1$EV8aktz4oRsH2Cfs$0de201d9990bc2f799990e75dd615ef5f16c9f2223875d9cac8df245ba2a03bd9b209d8b95c41e3829a4670504cf5f441b9abb5d21540f255e1cafd0793b975f', 'profile_74.jpg', 1732898264, 0, 0, 0, 0, '76815228-2362-4fe5-a1be-fa52b66874b8'),
('55598c3e-9fc4-460e-acb5-74dd5e838788', 'Ronald', 'Miller', 'douglaschristensen@example.net', 'scrypt:32768:8:1$OXN1FPVqsaweSOIv$4a484a0f28624103cfdab64ff259e264b88779d8f71ba469998ed0767c05cd138cd7fe5a02dc2a44234326013bfd5a7447449d68d680f45d028483f49a59a19e', 'profile_80.jpg', 1732898263, 0, 0, 0, 1732898263, '922f13a4-0691-412d-a301-161f365987ea'),
('572f0139-60fa-42ca-861b-697ef9dcba40', 'Lindsay', 'Dougherty', 'jblanchard@example.com', 'scrypt:32768:8:1$OXN1FPVqsaweSOIv$4a484a0f28624103cfdab64ff259e264b88779d8f71ba469998ed0767c05cd138cd7fe5a02dc2a44234326013bfd5a7447449d68d680f45d028483f49a59a19e', 'profile_5.jpg', 1732898263, 0, 0, 0, 1732898263, 'a39f9d37-138b-407d-bb50-82a6436c8c8d'),
('57e67d08-3ade-4fb6-82f9-f0151daf9ff1', 'David', 'Moore', 'ocooper@example.net', 'scrypt:32768:8:1$OXN1FPVqsaweSOIv$4a484a0f28624103cfdab64ff259e264b88779d8f71ba469998ed0767c05cd138cd7fe5a02dc2a44234326013bfd5a7447449d68d680f45d028483f49a59a19e', 'profile_5.jpg', 1732898263, 0, 0, 0, 0, '66ca5829-afc0-43f5-ba94-79a16d9a0db5'),
('59c0fd2f-986c-4be9-b319-bacbd1096be9', 'Elizabeth', 'Harris', 'jprice@example.com', 'scrypt:32768:8:1$Dg72tQg62mvScg0u$e9090488088ca340459fdf31c3bb35ec4121dcbeaa5aabaf9bdabe0cea8a8daecf24c4d4786be96d8b33bd8f878328c56ed92a06092d53175bdb46e616a26da2', 'profile_94.jpg', 1732898263, 0, 0, 0, 0, '1958b8ea-4b4a-465e-a481-b7248a28671b'),
('5e164027-d87b-4c97-8402-a373d5bfb03e', 'Leslie', '', 'angelamiller@example.com', 'scrypt:32768:8:1$EV8aktz4oRsH2Cfs$0de201d9990bc2f799990e75dd615ef5f16c9f2223875d9cac8df245ba2a03bd9b209d8b95c41e3829a4670504cf5f441b9abb5d21540f255e1cafd0793b975f', 'profile_62.jpg', 1732898264, 0, 0, 0, 0, 'b7844d8c-6e36-4f84-ae98-97ef791f9b16'),
('5e67148d-5296-47e9-a8c5-3736104434aa', 'Michael', '', 'bennettlaura@example.com', 'scrypt:32768:8:1$EV8aktz4oRsH2Cfs$0de201d9990bc2f799990e75dd615ef5f16c9f2223875d9cac8df245ba2a03bd9b209d8b95c41e3829a4670504cf5f441b9abb5d21540f255e1cafd0793b975f', 'profile_53.jpg', 1732898264, 0, 0, 0, 1732898264, '9ffad7ad-7a0f-42ea-a350-e577b7318058'),
('5eefd019-5828-4f76-b8b0-f049d2ad5bdd', 'Angela', 'Perkins', 'lhicks@example.org', 'scrypt:32768:8:1$OXN1FPVqsaweSOIv$4a484a0f28624103cfdab64ff259e264b88779d8f71ba469998ed0767c05cd138cd7fe5a02dc2a44234326013bfd5a7447449d68d680f45d028483f49a59a19e', 'profile_21.jpg', 1732898263, 0, 0, 0, 1732898263, 'bf3b704c-5bed-4514-baee-4e9ded113068'),
('60468876-7a70-441a-a190-83897ddaee5d', 'Nicole', '', 'rogerstheresa@example.com', 'scrypt:32768:8:1$EV8aktz4oRsH2Cfs$0de201d9990bc2f799990e75dd615ef5f16c9f2223875d9cac8df245ba2a03bd9b209d8b95c41e3829a4670504cf5f441b9abb5d21540f255e1cafd0793b975f', 'profile_8.jpg', 1732898264, 0, 0, 0, 1732898264, '02c26ba7-de8b-4572-a3f3-a14110a4c47c'),
('609c598e-236b-46c7-ad47-330b83829d69', 'John', 'Partner', 'partner@fulldemo.com', 'scrypt:32768:8:1$TFJMHVvQykcEz6k8$360e716fdb324bc884755fe2fc658f4a8af4b243357e4985a2d5de5754218e59faf3721eec7f530dd21a7f7518e7771d2e1cacb06d9b4333c816250788ed9de6', 'profile_12.jpg', 1732898263, 0, 0, 0, 1732898263, 'd1175325-6523-4fac-91ca-94d94e8ec8f9'),
('60d3b4b0-4008-41d8-b4ff-0850573a0546', 'Jessica', 'Patel', 'robinsontracy@website.co', 'scrypt:32768:8:1$Dg72tQg62mvScg0u$e9090488088ca340459fdf31c3bb35ec4121dcbeaa5aabaf9bdabe0cea8a8daecf24c4d4786be96d8b33bd8f878328c56ed92a06092d53175bdb46e616a26da2', 'profile_51.jpg', 1732898263, 0, 0, 0, 0, 'bdb8f8d3-d214-4985-8c56-df9a658df429'),
('628ffdc9-6fa5-4f58-b97c-ed5643ba99c9', 'Travis', 'Reed', 'rpierce@example.com', 'scrypt:32768:8:1$OXN1FPVqsaweSOIv$4a484a0f28624103cfdab64ff259e264b88779d8f71ba469998ed0767c05cd138cd7fe5a02dc2a44234326013bfd5a7447449d68d680f45d028483f49a59a19e', 'profile_15.jpg', 1732898263, 0, 0, 0, 1732898263, '321ea4f0-780d-4919-b5de-005d16d9f6b7'),
('6703801b-639d-45a8-8d9d-74916bdf6553', 'Amy', 'Mcdaniel', 'nmorrow@mydomain.net', 'scrypt:32768:8:1$Dg72tQg62mvScg0u$e9090488088ca340459fdf31c3bb35ec4121dcbeaa5aabaf9bdabe0cea8a8daecf24c4d4786be96d8b33bd8f878328c56ed92a06092d53175bdb46e616a26da2', 'profile_53.jpg', 1732898263, 0, 0, 0, 1732898263, '55ffb8e0-fb05-4608-b882-4d176ee16be9'),
('695beadc-f9a4-4223-b05f-8e088a362902', 'Caleb', 'Moreno', 'taraknapp@example.org', 'scrypt:32768:8:1$OXN1FPVqsaweSOIv$4a484a0f28624103cfdab64ff259e264b88779d8f71ba469998ed0767c05cd138cd7fe5a02dc2a44234326013bfd5a7447449d68d680f45d028483f49a59a19e', 'profile_77.jpg', 1732898263, 0, 0, 0, 0, '78b4eed2-c940-47ee-b508-d56956bd86a4'),
('6a1dc9b5-591c-4f6f-aa4f-b0c2c9a63d5c', 'Elizabeth', 'Lee', 'jeffreybryant@example.org', 'scrypt:32768:8:1$OXN1FPVqsaweSOIv$4a484a0f28624103cfdab64ff259e264b88779d8f71ba469998ed0767c05cd138cd7fe5a02dc2a44234326013bfd5a7447449d68d680f45d028483f49a59a19e', 'profile_55.jpg', 1732898263, 0, 0, 0, 1732898263, '0b746dea-32e9-4771-ab55-127a790b418a'),
('6a9c3207-0e9f-4c30-9a34-82a40e5541c2', 'Kaitlyn', 'Combs', 'robertsontara@gmail.com', 'scrypt:32768:8:1$Dg72tQg62mvScg0u$e9090488088ca340459fdf31c3bb35ec4121dcbeaa5aabaf9bdabe0cea8a8daecf24c4d4786be96d8b33bd8f878328c56ed92a06092d53175bdb46e616a26da2', 'profile_65.jpg', 1732898263, 0, 0, 0, 0, '2afb8b9b-51dd-4c18-8568-b90c1081b59b'),
('6ccd843f-3cc1-48d9-a1af-240befe53516', 'Santiago', 'Donoso', 'admin@fulldemo.com', 'scrypt:32768:8:1$BAY0sG07yPy8llpb$62e139b8646aa802d4307aabf574a20f6b54455f933fabeb116d893ba185f95ae8b1c1911c3c35773d7a6aa7b8eb4cd8d9fba4328ad370e0090a2253b159f606', 'profile_10.jpg', 1732898263, 0, 0, 0, 1732898263, '7d1b4262-0b21-47f8-ba64-63b34c857fa1'),
('6db1563c-5242-41a4-b0cd-8bd22bc98bfa', 'Sarah', '', 'iharris@example.org', 'scrypt:32768:8:1$EV8aktz4oRsH2Cfs$0de201d9990bc2f799990e75dd615ef5f16c9f2223875d9cac8df245ba2a03bd9b209d8b95c41e3829a4670504cf5f441b9abb5d21540f255e1cafd0793b975f', 'profile_33.jpg', 1732898264, 0, 0, 0, 1732898264, '854bcb2e-a84d-47e7-9076-7ede1968ffbb'),
('6dd1b4d2-206c-4bb6-b030-fadc5ab196b4', 'Robert', 'Aguirre', 'lawrencesingh@example.com', 'scrypt:32768:8:1$OXN1FPVqsaweSOIv$4a484a0f28624103cfdab64ff259e264b88779d8f71ba469998ed0767c05cd138cd7fe5a02dc2a44234326013bfd5a7447449d68d680f45d028483f49a59a19e', 'profile_7.jpg', 1732898263, 0, 0, 0, 0, '4ca25e38-579a-451a-8496-e975885269d0'),
('6dd7ad16-0cdf-44bf-ab4f-8fb621096370', 'Tracy', 'Bond', 'stacy31@website.co', 'scrypt:32768:8:1$Dg72tQg62mvScg0u$e9090488088ca340459fdf31c3bb35ec4121dcbeaa5aabaf9bdabe0cea8a8daecf24c4d4786be96d8b33bd8f878328c56ed92a06092d53175bdb46e616a26da2', 'profile_81.jpg', 1732898263, 0, 0, 0, 1732898263, '6f6ee988-8a97-4f67-82e9-8d38baf22036'),
('6f0b7113-df6f-4ab4-b8e4-137ef840578b', 'Kimberly', 'Johnson', 'cheryl46@example.net', 'scrypt:32768:8:1$OXN1FPVqsaweSOIv$4a484a0f28624103cfdab64ff259e264b88779d8f71ba469998ed0767c05cd138cd7fe5a02dc2a44234326013bfd5a7447449d68d680f45d028483f49a59a19e', 'profile_1.jpg', 1732898263, 0, 0, 0, 0, 'c9844ad4-0b8c-4bcd-b273-796afb5a4781'),
('72a58587-6af5-4e5f-98cc-a8167f6389af', 'John', 'Restaurant', 'restaurant@fulldemo.com', 'scrypt:32768:8:1$OEUZGOSdt28p8H2y$8e7774375c2547bca3a8adee3ed82eeb5c91534ed195332f18fe2e738811c336e15a016a5d91e153166380b4061379dc5d4efae84177f49c04b9d57f96eb33e0', 'profile_13.jpg', 1732898263, 0, 0, 0, 1732898263, '3aad6684-205f-4937-acce-12b31cb1e042'),
('74ce0c53-7ded-4052-947e-3334b87ceaf5', 'Lisa', '', 'angelaballard@example.net', 'scrypt:32768:8:1$EV8aktz4oRsH2Cfs$0de201d9990bc2f799990e75dd615ef5f16c9f2223875d9cac8df245ba2a03bd9b209d8b95c41e3829a4670504cf5f441b9abb5d21540f255e1cafd0793b975f', 'profile_56.jpg', 1732898264, 0, 0, 0, 0, '5b545cdf-d7c8-49eb-81e2-35da322fc46e'),
('752634c4-29c2-4dd5-b15d-5ac7e6132e7b', 'Christopher', 'Wall', 'cordovajose@gmail.com', 'scrypt:32768:8:1$Dg72tQg62mvScg0u$e9090488088ca340459fdf31c3bb35ec4121dcbeaa5aabaf9bdabe0cea8a8daecf24c4d4786be96d8b33bd8f878328c56ed92a06092d53175bdb46e616a26da2', 'profile_31.jpg', 1732898263, 0, 0, 0, 0, 'd7db1be4-b30c-4690-b336-625759c7c0a8'),
('75a71c40-0d26-4060-8e6d-d056c5d9bae0', 'Kaitlyn', 'Taylor', 'carrelizabeth@example.com', 'scrypt:32768:8:1$OXN1FPVqsaweSOIv$4a484a0f28624103cfdab64ff259e264b88779d8f71ba469998ed0767c05cd138cd7fe5a02dc2a44234326013bfd5a7447449d68d680f45d028483f49a59a19e', 'profile_7.jpg', 1732898263, 0, 0, 0, 1732898263, 'c44cac1e-08cd-4f88-941a-007b158ccdae'),
('7e1304ec-255c-4c9e-bd92-dc069a51fd5f', 'Michael', '', 'alexiswebb@example.com', 'scrypt:32768:8:1$EV8aktz4oRsH2Cfs$0de201d9990bc2f799990e75dd615ef5f16c9f2223875d9cac8df245ba2a03bd9b209d8b95c41e3829a4670504cf5f441b9abb5d21540f255e1cafd0793b975f', 'profile_16.jpg', 1732898264, 0, 0, 0, 1732898264, '6db7d130-31e8-4879-8c2a-bde3fa21b0b0'),
('8024e7c2-429f-4291-b9fb-039a2309a808', 'Richard', 'Banks', 'patrick81@website.co', 'scrypt:32768:8:1$Dg72tQg62mvScg0u$e9090488088ca340459fdf31c3bb35ec4121dcbeaa5aabaf9bdabe0cea8a8daecf24c4d4786be96d8b33bd8f878328c56ed92a06092d53175bdb46e616a26da2', 'profile_90.jpg', 1732898263, 0, 0, 0, 0, '11397116-8385-4452-9fbf-bf8b4cc99ac7'),
('8269a3e9-b64b-4cfd-8495-4b02093bc449', 'Ethan', '', 'lcarr@example.com', 'scrypt:32768:8:1$EV8aktz4oRsH2Cfs$0de201d9990bc2f799990e75dd615ef5f16c9f2223875d9cac8df245ba2a03bd9b209d8b95c41e3829a4670504cf5f441b9abb5d21540f255e1cafd0793b975f', 'profile_18.jpg', 1732898264, 0, 0, 0, 1732898264, '2ea774f3-b524-4702-aa07-3b3b3ae784be'),
('836b8972-f314-456f-8770-5ac853683824', 'Edwin', '', 'dalton04@example.com', 'scrypt:32768:8:1$EV8aktz4oRsH2Cfs$0de201d9990bc2f799990e75dd615ef5f16c9f2223875d9cac8df245ba2a03bd9b209d8b95c41e3829a4670504cf5f441b9abb5d21540f255e1cafd0793b975f', 'profile_30.jpg', 1732898264, 0, 0, 0, 1732898264, '148b0a46-8092-46b6-970c-986cad8e9209'),
('8530125a-198b-441b-a428-d2581c7745c2', 'Jason', 'Lam', 'patrick52@gmail.com', 'scrypt:32768:8:1$Dg72tQg62mvScg0u$e9090488088ca340459fdf31c3bb35ec4121dcbeaa5aabaf9bdabe0cea8a8daecf24c4d4786be96d8b33bd8f878328c56ed92a06092d53175bdb46e616a26da2', 'profile_14.jpg', 1732898263, 0, 0, 0, 0, 'd2989ea4-b82f-41b2-a91e-423f7812bd53'),
('879ad707-f3f6-48ad-88c8-82878b1c3328', 'Toni', 'Duncan', 'iyoung@example.net', 'scrypt:32768:8:1$OXN1FPVqsaweSOIv$4a484a0f28624103cfdab64ff259e264b88779d8f71ba469998ed0767c05cd138cd7fe5a02dc2a44234326013bfd5a7447449d68d680f45d028483f49a59a19e', 'profile_87.jpg', 1732898263, 0, 0, 0, 1732898263, 'a0672509-3cf1-4684-90b3-323b4a02dad4'),
('87e34ab8-d939-447a-a51d-332fe67d6c9c', 'Andrew', 'Fisher', 'cynthia83@example.com', 'scrypt:32768:8:1$Dg72tQg62mvScg0u$e9090488088ca340459fdf31c3bb35ec4121dcbeaa5aabaf9bdabe0cea8a8daecf24c4d4786be96d8b33bd8f878328c56ed92a06092d53175bdb46e616a26da2', 'profile_21.jpg', 1732898263, 0, 0, 0, 1732898263, '0efb3f8a-9da4-4131-998b-66fb02a509dc'),
('8b96ecc4-0031-47dd-89d3-684990f3b584', 'Emily', 'Pope', 'joseph31@example.net', 'scrypt:32768:8:1$OXN1FPVqsaweSOIv$4a484a0f28624103cfdab64ff259e264b88779d8f71ba469998ed0767c05cd138cd7fe5a02dc2a44234326013bfd5a7447449d68d680f45d028483f49a59a19e', 'profile_28.jpg', 1732898263, 0, 0, 0, 1732898263, 'e7f46eb3-119b-4b59-bc3c-90f32717f197'),
('8e3607a2-4c50-428f-a291-1f8ce4b75584', 'Adam', '', 'christy36@example.org', 'scrypt:32768:8:1$EV8aktz4oRsH2Cfs$0de201d9990bc2f799990e75dd615ef5f16c9f2223875d9cac8df245ba2a03bd9b209d8b95c41e3829a4670504cf5f441b9abb5d21540f255e1cafd0793b975f', 'profile_59.jpg', 1732898264, 0, 0, 0, 1732898264, 'e579b9da-6eef-4213-87d0-b8e3dcc6843d'),
('8fc93ccb-a294-4907-9459-1f051b75c4d7', 'Deborah', 'Fuller', 'robert48@testsite.org', 'scrypt:32768:8:1$Dg72tQg62mvScg0u$e9090488088ca340459fdf31c3bb35ec4121dcbeaa5aabaf9bdabe0cea8a8daecf24c4d4786be96d8b33bd8f878328c56ed92a06092d53175bdb46e616a26da2', 'profile_58.jpg', 1732898263, 0, 0, 0, 1732898263, '06332821-6a49-4dda-ac72-d11d44861c8f'),
('92a6fdc0-c1ff-4107-b8e0-282df0553f33', 'Patrick', 'Hayden', 'vhinton@example.com', 'scrypt:32768:8:1$OXN1FPVqsaweSOIv$4a484a0f28624103cfdab64ff259e264b88779d8f71ba469998ed0767c05cd138cd7fe5a02dc2a44234326013bfd5a7447449d68d680f45d028483f49a59a19e', 'profile_84.jpg', 1732898263, 0, 0, 0, 1732898263, '06b6a427-059e-4056-982a-b4fbb9135272'),
('9306e69c-f64f-4ca9-b0cb-2c6ddaf68c22', 'Ronald', '', 'timothy47@example.com', 'scrypt:32768:8:1$EV8aktz4oRsH2Cfs$0de201d9990bc2f799990e75dd615ef5f16c9f2223875d9cac8df245ba2a03bd9b209d8b95c41e3829a4670504cf5f441b9abb5d21540f255e1cafd0793b975f', 'profile_67.jpg', 1732898264, 0, 0, 0, 1732898264, 'bf4858b1-2b3d-43f4-a90d-1f87da22820f'),
('95b246d2-dc8d-44d8-9b82-24d1194b3f09', 'Jacob', '', 'katherine34@example.net', 'scrypt:32768:8:1$EV8aktz4oRsH2Cfs$0de201d9990bc2f799990e75dd615ef5f16c9f2223875d9cac8df245ba2a03bd9b209d8b95c41e3829a4670504cf5f441b9abb5d21540f255e1cafd0793b975f', 'profile_17.jpg', 1732898264, 0, 0, 0, 0, '3105faa8-775d-4923-b72c-d66834bdf9be'),
('997fde5a-c76a-457c-83d0-8f4767178e45', 'Mary', '', 'sjohnson@example.org', 'scrypt:32768:8:1$EV8aktz4oRsH2Cfs$0de201d9990bc2f799990e75dd615ef5f16c9f2223875d9cac8df245ba2a03bd9b209d8b95c41e3829a4670504cf5f441b9abb5d21540f255e1cafd0793b975f', 'profile_63.jpg', 1732898264, 0, 0, 0, 1732898264, 'b8ea7923-174b-47c6-ad89-1f644fdfa176'),
('9c77853d-8a95-43b8-ad79-ae8a055ebd40', 'Ashley', 'Figueroa', 'velezcarol@fakemail.io', 'scrypt:32768:8:1$Dg72tQg62mvScg0u$e9090488088ca340459fdf31c3bb35ec4121dcbeaa5aabaf9bdabe0cea8a8daecf24c4d4786be96d8b33bd8f878328c56ed92a06092d53175bdb46e616a26da2', 'profile_21.jpg', 1732898263, 0, 0, 0, 0, '50d6badd-c4ff-4ca7-bc65-1afe782ca5c7'),
('9ddbd265-8daf-49df-a556-4b89a7e22a72', 'Terry', '', 'jessicagray@example.net', 'scrypt:32768:8:1$EV8aktz4oRsH2Cfs$0de201d9990bc2f799990e75dd615ef5f16c9f2223875d9cac8df245ba2a03bd9b209d8b95c41e3829a4670504cf5f441b9abb5d21540f255e1cafd0793b975f', 'profile_60.jpg', 1732898264, 0, 0, 0, 0, '3ee72fd1-4f99-4eaa-a712-9538740ed9b3'),
('a091752e-4229-42e3-a747-9c46bdc0b775', 'Bradley', 'Benson', 'adrianjackson@example.com', 'scrypt:32768:8:1$Dg72tQg62mvScg0u$e9090488088ca340459fdf31c3bb35ec4121dcbeaa5aabaf9bdabe0cea8a8daecf24c4d4786be96d8b33bd8f878328c56ed92a06092d53175bdb46e616a26da2', 'profile_19.jpg', 1732898263, 0, 0, 0, 1732898263, '98decdb0-663c-468b-bf63-e8ef5e46e1af'),
('a139dabe-691b-4d42-b9aa-2fe1ee4d476f', 'Julia', '', 'gsherman@example.com', 'scrypt:32768:8:1$EV8aktz4oRsH2Cfs$0de201d9990bc2f799990e75dd615ef5f16c9f2223875d9cac8df245ba2a03bd9b209d8b95c41e3829a4670504cf5f441b9abb5d21540f255e1cafd0793b975f', 'profile_10.jpg', 1732898264, 0, 0, 0, 0, '01f6b7b7-f92d-4864-aa82-321f7a088a84'),
('a36975ac-f14f-4926-bc39-dde3a2b2e367', 'Sean', 'Burns', 'tanya20@testsite.org', 'scrypt:32768:8:1$Dg72tQg62mvScg0u$e9090488088ca340459fdf31c3bb35ec4121dcbeaa5aabaf9bdabe0cea8a8daecf24c4d4786be96d8b33bd8f878328c56ed92a06092d53175bdb46e616a26da2', 'profile_81.jpg', 1732898263, 0, 0, 0, 0, '239c2df9-60e0-468c-b320-7d34de3fe03a'),
('a48a0c1a-3766-47a8-8209-8853d5f22634', 'Harry', 'Thomas', 'wongashley@example.com', 'scrypt:32768:8:1$OXN1FPVqsaweSOIv$4a484a0f28624103cfdab64ff259e264b88779d8f71ba469998ed0767c05cd138cd7fe5a02dc2a44234326013bfd5a7447449d68d680f45d028483f49a59a19e', 'profile_67.jpg', 1732898263, 0, 0, 0, 1732898263, '62078994-c63a-47cf-8930-1cfb4eeeb427'),
('a8ac818d-2515-4e91-9497-b378618a93df', 'Helen', 'Hill', 'davidvaldez@mydomain.net', 'scrypt:32768:8:1$Dg72tQg62mvScg0u$e9090488088ca340459fdf31c3bb35ec4121dcbeaa5aabaf9bdabe0cea8a8daecf24c4d4786be96d8b33bd8f878328c56ed92a06092d53175bdb46e616a26da2', 'profile_37.jpg', 1732898263, 0, 0, 0, 1732898263, '8af287e0-268f-4d92-bde2-80c0e8edc25a'),
('ab5fd41f-b3f7-4a34-966c-f31794d739ab', 'Scott', 'Pratt', 'erik06@website.co', 'scrypt:32768:8:1$Dg72tQg62mvScg0u$e9090488088ca340459fdf31c3bb35ec4121dcbeaa5aabaf9bdabe0cea8a8daecf24c4d4786be96d8b33bd8f878328c56ed92a06092d53175bdb46e616a26da2', 'profile_33.jpg', 1732898263, 0, 0, 0, 1732898263, '67eb298e-3b43-4bd8-8dac-3a3c1001f93c'),
('ac27339e-529b-4888-8557-8df897e49a60', 'Julie', '', 'damon98@example.net', 'scrypt:32768:8:1$EV8aktz4oRsH2Cfs$0de201d9990bc2f799990e75dd615ef5f16c9f2223875d9cac8df245ba2a03bd9b209d8b95c41e3829a4670504cf5f441b9abb5d21540f255e1cafd0793b975f', 'profile_46.jpg', 1732898264, 0, 0, 0, 0, '8929a9cf-8ae9-449d-a711-9419aea7749a'),
('b02a5218-224e-4941-8cd1-9fc07351ea2e', 'Emily', 'Moore', 'mhays@example.com', 'scrypt:32768:8:1$OXN1FPVqsaweSOIv$4a484a0f28624103cfdab64ff259e264b88779d8f71ba469998ed0767c05cd138cd7fe5a02dc2a44234326013bfd5a7447449d68d680f45d028483f49a59a19e', 'profile_28.jpg', 1732898263, 0, 0, 0, 0, 'b1bab66a-29a1-4e90-9107-636b5684ec3d'),
('b0dd754a-91ee-45db-aa9c-4740716582a6', 'Anthony', '', 'lambtracy@example.net', 'scrypt:32768:8:1$EV8aktz4oRsH2Cfs$0de201d9990bc2f799990e75dd615ef5f16c9f2223875d9cac8df245ba2a03bd9b209d8b95c41e3829a4670504cf5f441b9abb5d21540f255e1cafd0793b975f', 'profile_58.jpg', 1732898264, 0, 0, 0, 1732898264, '7fd4a882-6fed-4b10-a6a8-714a6a73da58'),
('b3241255-3e64-4633-8574-f6d6ade61730', 'James', 'Johnson', 'stevenhughes@example.net', 'scrypt:32768:8:1$OXN1FPVqsaweSOIv$4a484a0f28624103cfdab64ff259e264b88779d8f71ba469998ed0767c05cd138cd7fe5a02dc2a44234326013bfd5a7447449d68d680f45d028483f49a59a19e', 'profile_77.jpg', 1732898263, 0, 0, 0, 1732898263, 'a5c4df7c-3d5e-4227-8006-0fea7b57c71b'),
('b3c10408-08de-4cd2-a718-dc1c75f50bf3', 'Amanda', 'Beck', 'josefitzgerald@example.net', 'scrypt:32768:8:1$OXN1FPVqsaweSOIv$4a484a0f28624103cfdab64ff259e264b88779d8f71ba469998ed0767c05cd138cd7fe5a02dc2a44234326013bfd5a7447449d68d680f45d028483f49a59a19e', 'profile_96.jpg', 1732898263, 0, 0, 0, 1732898263, '080a7636-1c3c-4069-9df6-b7095179062c'),
('b4da09d1-0fc6-4b6e-9d17-a6f73dbba97f', 'John', 'Williamson', 'donnashaffer@website.co', 'scrypt:32768:8:1$Dg72tQg62mvScg0u$e9090488088ca340459fdf31c3bb35ec4121dcbeaa5aabaf9bdabe0cea8a8daecf24c4d4786be96d8b33bd8f878328c56ed92a06092d53175bdb46e616a26da2', 'profile_44.jpg', 1732898263, 0, 0, 0, 1732898263, 'ac5df767-a5f7-4cab-8846-499f98b8a106'),
('b57fb801-8d8d-42c6-8c39-b966fac70cc3', 'Karen', '', 'angela13@example.com', 'scrypt:32768:8:1$EV8aktz4oRsH2Cfs$0de201d9990bc2f799990e75dd615ef5f16c9f2223875d9cac8df245ba2a03bd9b209d8b95c41e3829a4670504cf5f441b9abb5d21540f255e1cafd0793b975f', 'profile_2.jpg', 1732898264, 0, 0, 0, 0, '004fb72e-617b-4057-bf5a-b8a2e1de7833'),
('b5a5586f-507c-4cb4-81bf-2e23b3204564', 'Nathan', 'Quinn', 'wgreene@example.com', 'scrypt:32768:8:1$OXN1FPVqsaweSOIv$4a484a0f28624103cfdab64ff259e264b88779d8f71ba469998ed0767c05cd138cd7fe5a02dc2a44234326013bfd5a7447449d68d680f45d028483f49a59a19e', 'profile_2.jpg', 1732898263, 0, 0, 0, 1732898263, '9a09a2f1-284f-44b9-a0d6-5c6074a661fa'),
('b69e00a2-eaf4-45cb-af92-f6ff987206e7', 'Courtney', 'Wilson', 'gramirez@website.co', 'scrypt:32768:8:1$Dg72tQg62mvScg0u$e9090488088ca340459fdf31c3bb35ec4121dcbeaa5aabaf9bdabe0cea8a8daecf24c4d4786be96d8b33bd8f878328c56ed92a06092d53175bdb46e616a26da2', 'profile_69.jpg', 1732898263, 0, 0, 0, 0, 'ed1c0c1b-7f4e-46db-b786-a8a5d9c57306'),
('b8947cec-d784-4c39-9451-d645018b2582', 'Stefanie', 'Ortega', 'cameronwilliam@website.co', 'scrypt:32768:8:1$Dg72tQg62mvScg0u$e9090488088ca340459fdf31c3bb35ec4121dcbeaa5aabaf9bdabe0cea8a8daecf24c4d4786be96d8b33bd8f878328c56ed92a06092d53175bdb46e616a26da2', 'profile_47.jpg', 1732898263, 0, 0, 0, 1732898263, '824f9582-3029-4870-813b-4459f20f828e'),
('ba0782bc-e038-46e8-808b-0457bcd3a893', 'Jesse', 'Wright', 'brenda81@testsite.org', 'scrypt:32768:8:1$Dg72tQg62mvScg0u$e9090488088ca340459fdf31c3bb35ec4121dcbeaa5aabaf9bdabe0cea8a8daecf24c4d4786be96d8b33bd8f878328c56ed92a06092d53175bdb46e616a26da2', 'profile_96.jpg', 1732898263, 0, 0, 0, 0, '054300ab-a2b3-4187-b6af-6c1b618cbe19'),
('be81e923-965c-4443-a421-9423c0cb4bc8', 'Brittany', 'Bishop', 'ytran@example.net', 'scrypt:32768:8:1$OXN1FPVqsaweSOIv$4a484a0f28624103cfdab64ff259e264b88779d8f71ba469998ed0767c05cd138cd7fe5a02dc2a44234326013bfd5a7447449d68d680f45d028483f49a59a19e', 'profile_22.jpg', 1732898263, 0, 0, 0, 1732898263, '8b0b8098-2d2f-4580-9da5-d3fb1bae98e8'),
('bea7ab82-4505-4b57-8324-093d19a8837b', 'Wendy', 'Sanchez', 'deckerjohn@fakemail.io', 'scrypt:32768:8:1$Dg72tQg62mvScg0u$e9090488088ca340459fdf31c3bb35ec4121dcbeaa5aabaf9bdabe0cea8a8daecf24c4d4786be96d8b33bd8f878328c56ed92a06092d53175bdb46e616a26da2', 'profile_30.jpg', 1732898263, 0, 0, 0, 0, '5c67e309-e491-4620-a909-3f7eca73db36'),
('bfd5d131-da48-4c4e-a47d-ba872d60572e', 'Ernest', '', 'forderic@example.com', 'scrypt:32768:8:1$EV8aktz4oRsH2Cfs$0de201d9990bc2f799990e75dd615ef5f16c9f2223875d9cac8df245ba2a03bd9b209d8b95c41e3829a4670504cf5f441b9abb5d21540f255e1cafd0793b975f', 'profile_64.jpg', 1732898264, 0, 0, 0, 1732898264, '8a6a8a87-035e-49fc-b895-9eb6e7e64230'),
('c11a356c-9cd4-4516-bc31-4cc12bc48bed', 'Cassandra', 'Andrews', 'hernandezkaren@example.org', 'scrypt:32768:8:1$OXN1FPVqsaweSOIv$4a484a0f28624103cfdab64ff259e264b88779d8f71ba469998ed0767c05cd138cd7fe5a02dc2a44234326013bfd5a7447449d68d680f45d028483f49a59a19e', 'profile_1.jpg', 1732898263, 0, 0, 0, 0, 'ee955c88-422b-4fbb-b913-1ec2b97b55e3'),
('c140db89-56f5-4bed-924b-f9b62576cd1c', 'Michael', 'Johnson', 'sherylhardy@website.co', 'scrypt:32768:8:1$Dg72tQg62mvScg0u$e9090488088ca340459fdf31c3bb35ec4121dcbeaa5aabaf9bdabe0cea8a8daecf24c4d4786be96d8b33bd8f878328c56ed92a06092d53175bdb46e616a26da2', 'profile_63.jpg', 1732898263, 0, 0, 0, 1732898263, '9983db14-c987-4253-8206-c3af8414021a'),
('c2e8d5ad-1c2b-4432-8c30-f83e95d0a856', 'Jared', 'Spencer', 'manuelprice@example.org', 'scrypt:32768:8:1$OXN1FPVqsaweSOIv$4a484a0f28624103cfdab64ff259e264b88779d8f71ba469998ed0767c05cd138cd7fe5a02dc2a44234326013bfd5a7447449d68d680f45d028483f49a59a19e', 'profile_34.jpg', 1732898263, 0, 0, 0, 1732898263, '45584144-49fe-465b-b6fe-77f55ca36028'),
('c724567b-6538-40fe-8b0b-9e2037a46997', 'Michael', '', 'joshuawillis@example.com', 'scrypt:32768:8:1$EV8aktz4oRsH2Cfs$0de201d9990bc2f799990e75dd615ef5f16c9f2223875d9cac8df245ba2a03bd9b209d8b95c41e3829a4670504cf5f441b9abb5d21540f255e1cafd0793b975f', 'profile_74.jpg', 1732898264, 0, 0, 0, 1732898264, '1eaa0cf7-a51c-4a18-a5f3-7af9521b1a4b'),
('c89d7fe9-2b5f-4e98-8b42-b3b081ba9395', 'Catherine', 'Garcia', 'davisjennifer@website.co', 'scrypt:32768:8:1$Dg72tQg62mvScg0u$e9090488088ca340459fdf31c3bb35ec4121dcbeaa5aabaf9bdabe0cea8a8daecf24c4d4786be96d8b33bd8f878328c56ed92a06092d53175bdb46e616a26da2', 'profile_4.jpg', 1732898263, 0, 0, 0, 1732898263, 'c32a476e-cc15-41ea-a211-4b7800493d09'),
('c9baba47-b588-4ea4-8c61-f29ef1d89818', 'Benjamin', 'Booker', 'mariahendricks@gmail.com', 'scrypt:32768:8:1$Dg72tQg62mvScg0u$e9090488088ca340459fdf31c3bb35ec4121dcbeaa5aabaf9bdabe0cea8a8daecf24c4d4786be96d8b33bd8f878328c56ed92a06092d53175bdb46e616a26da2', 'profile_90.jpg', 1732898263, 0, 0, 0, 1732898263, '0e850c2f-996c-4eee-9d29-9065c4eeec2c'),
('ca84011a-7be7-4eda-9c04-fccee0ad02ea', 'Bradley', '', 'roberto72@example.net', 'scrypt:32768:8:1$EV8aktz4oRsH2Cfs$0de201d9990bc2f799990e75dd615ef5f16c9f2223875d9cac8df245ba2a03bd9b209d8b95c41e3829a4670504cf5f441b9abb5d21540f255e1cafd0793b975f', 'profile_31.jpg', 1732898264, 0, 0, 0, 0, 'e484983f-66a4-4f91-9be3-8255b9bd2ab4'),
('cc3e0ba5-a447-4d80-bab4-3f34eb6784f2', 'Jeremy', 'Brown', 'unelson@gmail.com', 'scrypt:32768:8:1$Dg72tQg62mvScg0u$e9090488088ca340459fdf31c3bb35ec4121dcbeaa5aabaf9bdabe0cea8a8daecf24c4d4786be96d8b33bd8f878328c56ed92a06092d53175bdb46e616a26da2', 'profile_21.jpg', 1732898263, 0, 0, 0, 1732898263, '9b1de013-b351-4b3f-9d35-6c656154f48a'),
('cc58e855-3171-4929-9574-0f0a20f0035e', 'Craig', 'Burch', 'makaylawilliams@example.org', 'scrypt:32768:8:1$OXN1FPVqsaweSOIv$4a484a0f28624103cfdab64ff259e264b88779d8f71ba469998ed0767c05cd138cd7fe5a02dc2a44234326013bfd5a7447449d68d680f45d028483f49a59a19e', 'profile_72.jpg', 1732898263, 0, 0, 0, 0, '61450383-2898-40ee-828e-9a036ed25f72'),
('cc71c2fa-1ae9-44b4-9589-90e00787ac42', 'Ronald', '', 'lhenry@example.com', 'scrypt:32768:8:1$EV8aktz4oRsH2Cfs$0de201d9990bc2f799990e75dd615ef5f16c9f2223875d9cac8df245ba2a03bd9b209d8b95c41e3829a4670504cf5f441b9abb5d21540f255e1cafd0793b975f', 'profile_33.jpg', 1732898264, 0, 0, 0, 0, '05077dab-fc8e-4803-8d48-13fc1e22884d'),
('d2061b05-9b02-4464-b048-77abc1d3ff84', 'Daniel', 'Fernandez', 'jgonzalez@example.org', 'scrypt:32768:8:1$OXN1FPVqsaweSOIv$4a484a0f28624103cfdab64ff259e264b88779d8f71ba469998ed0767c05cd138cd7fe5a02dc2a44234326013bfd5a7447449d68d680f45d028483f49a59a19e', 'profile_93.jpg', 1732898263, 0, 0, 0, 1732898263, '2aeac11e-6b3f-4951-b13a-b4f4589bec0d'),
('d3a2fb5a-f693-412a-8536-e8cf6adac7c4', 'John', '', 'williamellis@example.net', 'scrypt:32768:8:1$EV8aktz4oRsH2Cfs$0de201d9990bc2f799990e75dd615ef5f16c9f2223875d9cac8df245ba2a03bd9b209d8b95c41e3829a4670504cf5f441b9abb5d21540f255e1cafd0793b975f', 'profile_50.jpg', 1732898264, 0, 0, 0, 0, 'd1e1b8cf-63e0-4ab2-88b5-41e89e1a2c2c'),
('d576029a-5d99-4348-baf9-e803405cb1b6', 'Kevin', 'Mcclure', 'patrickchristopher@testsite.org', 'scrypt:32768:8:1$Dg72tQg62mvScg0u$e9090488088ca340459fdf31c3bb35ec4121dcbeaa5aabaf9bdabe0cea8a8daecf24c4d4786be96d8b33bd8f878328c56ed92a06092d53175bdb46e616a26da2', 'profile_62.jpg', 1732898263, 0, 0, 0, 1732898263, 'b3af2501-468a-4af6-8980-9a1d98e867a2'),
('d7e77fc2-e6e9-4113-a306-3d10a9ee20d9', 'Francisco', 'Baker', 'wilsondaniel@website.co', 'scrypt:32768:8:1$Dg72tQg62mvScg0u$e9090488088ca340459fdf31c3bb35ec4121dcbeaa5aabaf9bdabe0cea8a8daecf24c4d4786be96d8b33bd8f878328c56ed92a06092d53175bdb46e616a26da2', 'profile_2.jpg', 1732898263, 0, 0, 0, 1732898263, '13257818-06f6-4123-af2b-0fff4f8b33ab'),
('d9451ecc-2450-4d1f-aade-419085117691', 'Laura', '', 'lgill@example.com', 'scrypt:32768:8:1$EV8aktz4oRsH2Cfs$0de201d9990bc2f799990e75dd615ef5f16c9f2223875d9cac8df245ba2a03bd9b209d8b95c41e3829a4670504cf5f441b9abb5d21540f255e1cafd0793b975f', 'profile_69.jpg', 1732898264, 0, 0, 0, 0, 'e52c8aa7-97d6-4279-9f19-967ceca470f5'),
('dabdc789-067d-4cc8-95ae-22c3589d853b', 'Jennifer', 'Martin', 'kristie21@example.com', 'scrypt:32768:8:1$OXN1FPVqsaweSOIv$4a484a0f28624103cfdab64ff259e264b88779d8f71ba469998ed0767c05cd138cd7fe5a02dc2a44234326013bfd5a7447449d68d680f45d028483f49a59a19e', 'profile_8.jpg', 1732898263, 0, 0, 0, 0, '11088870-4f75-42e8-97fa-58ff4a7f7508'),
('dc47e3e3-38be-468c-9e02-2c4f7309abfa', 'Stephen', '', 'stephen59@example.net', 'scrypt:32768:8:1$EV8aktz4oRsH2Cfs$0de201d9990bc2f799990e75dd615ef5f16c9f2223875d9cac8df245ba2a03bd9b209d8b95c41e3829a4670504cf5f441b9abb5d21540f255e1cafd0793b975f', 'profile_19.jpg', 1732898264, 0, 0, 0, 1732898264, '16691034-3803-4408-ba83-f9f87ac789ea'),
('dca3a917-c40a-4760-8df7-aef2c6aaf17b', 'Rhonda', 'Brown', 'robertsonrobert@testsite.org', 'scrypt:32768:8:1$Dg72tQg62mvScg0u$e9090488088ca340459fdf31c3bb35ec4121dcbeaa5aabaf9bdabe0cea8a8daecf24c4d4786be96d8b33bd8f878328c56ed92a06092d53175bdb46e616a26da2', 'profile_68.jpg', 1732898263, 0, 0, 0, 0, '4510321d-ea0c-4ebe-b0c9-0f684806bb8c'),
('dccbe4cd-10b7-43b4-b736-edf8d6df3c4e', 'Tina', '', 'justin05@example.net', 'scrypt:32768:8:1$EV8aktz4oRsH2Cfs$0de201d9990bc2f799990e75dd615ef5f16c9f2223875d9cac8df245ba2a03bd9b209d8b95c41e3829a4670504cf5f441b9abb5d21540f255e1cafd0793b975f', 'profile_53.jpg', 1732898264, 0, 0, 0, 1732898264, '1d1fef6a-436c-4ad4-a45b-fbe80c48bd48'),
('ddb425fa-af52-409b-9e15-ee15944e6ee5', 'Sharon', '', 'debrakey@example.net', 'scrypt:32768:8:1$EV8aktz4oRsH2Cfs$0de201d9990bc2f799990e75dd615ef5f16c9f2223875d9cac8df245ba2a03bd9b209d8b95c41e3829a4670504cf5f441b9abb5d21540f255e1cafd0793b975f', 'profile_74.jpg', 1732898264, 0, 0, 0, 0, '12951b2a-6f50-4f58-b8cb-d573cb7dcb2f'),
('e0995dd4-bbb1-49fe-99d4-930f8279b278', 'William', 'Adams', 'douglas13@example.com', 'scrypt:32768:8:1$OXN1FPVqsaweSOIv$4a484a0f28624103cfdab64ff259e264b88779d8f71ba469998ed0767c05cd138cd7fe5a02dc2a44234326013bfd5a7447449d68d680f45d028483f49a59a19e', 'profile_88.jpg', 1732898263, 0, 0, 0, 0, 'e2eeb5a9-508d-4314-9189-14aa9c86023e'),
('e15fd311-d441-438f-852b-f75b19da143f', 'Elizabeth', 'Neal', 'amandadunn@website.co', 'scrypt:32768:8:1$Dg72tQg62mvScg0u$e9090488088ca340459fdf31c3bb35ec4121dcbeaa5aabaf9bdabe0cea8a8daecf24c4d4786be96d8b33bd8f878328c56ed92a06092d53175bdb46e616a26da2', 'profile_19.jpg', 1732898263, 0, 0, 0, 0, '09d31208-8166-4e5e-82df-da46446fa9c0'),
('e312d1f2-6073-4173-89a5-77b886158327', 'Jesse', 'Elliott', 'brandonmitchell@fakemail.io', 'scrypt:32768:8:1$Dg72tQg62mvScg0u$e9090488088ca340459fdf31c3bb35ec4121dcbeaa5aabaf9bdabe0cea8a8daecf24c4d4786be96d8b33bd8f878328c56ed92a06092d53175bdb46e616a26da2', 'profile_85.jpg', 1732898263, 0, 0, 0, 0, 'd4daaafb-49e8-4133-a24e-f8a558df5c82'),
('e38d6471-de53-4a4e-a926-d521f064632f', 'Katelyn', '', 'christy08@example.net', 'scrypt:32768:8:1$EV8aktz4oRsH2Cfs$0de201d9990bc2f799990e75dd615ef5f16c9f2223875d9cac8df245ba2a03bd9b209d8b95c41e3829a4670504cf5f441b9abb5d21540f255e1cafd0793b975f', 'profile_79.jpg', 1732898264, 0, 0, 0, 1732898264, '6a8615cb-bfa5-434c-9d2b-1672d55c59dc'),
('e3a42926-6392-45ce-8816-35acaae87b07', 'Teresa', 'Castillo', 'harperangela@example.org', 'scrypt:32768:8:1$OXN1FPVqsaweSOIv$4a484a0f28624103cfdab64ff259e264b88779d8f71ba469998ed0767c05cd138cd7fe5a02dc2a44234326013bfd5a7447449d68d680f45d028483f49a59a19e', 'profile_24.jpg', 1732898263, 0, 0, 0, 0, '323964ca-08c2-4036-9e11-0aecd2e52eb0'),
('e58b1d96-6a06-4357-9220-b1d1f7aa9b74', 'Stephanie', 'Shields', 'tpennington@website.co', 'scrypt:32768:8:1$Dg72tQg62mvScg0u$e9090488088ca340459fdf31c3bb35ec4121dcbeaa5aabaf9bdabe0cea8a8daecf24c4d4786be96d8b33bd8f878328c56ed92a06092d53175bdb46e616a26da2', 'profile_98.jpg', 1732898263, 0, 0, 0, 0, 'b7b89709-acc4-439c-88c4-bc452ad029c4'),
('f10a72f7-a28e-4828-b232-08f8c94d974a', 'Briana', 'Smith', 'wwalker@fakemail.io', 'scrypt:32768:8:1$Dg72tQg62mvScg0u$e9090488088ca340459fdf31c3bb35ec4121dcbeaa5aabaf9bdabe0cea8a8daecf24c4d4786be96d8b33bd8f878328c56ed92a06092d53175bdb46e616a26da2', 'profile_36.jpg', 1732898263, 0, 0, 0, 1732898263, '6e113971-f770-4e04-9683-7f2b678a71ee'),
('f6d87639-4c41-47e5-ad53-c21761db9453', 'Donald', 'Smith', 'allen26@example.net', 'scrypt:32768:8:1$OXN1FPVqsaweSOIv$4a484a0f28624103cfdab64ff259e264b88779d8f71ba469998ed0767c05cd138cd7fe5a02dc2a44234326013bfd5a7447449d68d680f45d028483f49a59a19e', 'profile_75.jpg', 1732898263, 0, 0, 0, 0, '970f7ad0-5ad9-4d9c-a004-ad509f673da9'),
('f7e9493c-6f5b-4164-a326-3b7499ee2839', 'Donna', 'Davis', 'ricardo05@example.com', 'scrypt:32768:8:1$OXN1FPVqsaweSOIv$4a484a0f28624103cfdab64ff259e264b88779d8f71ba469998ed0767c05cd138cd7fe5a02dc2a44234326013bfd5a7447449d68d680f45d028483f49a59a19e', 'profile_48.jpg', 1732898263, 0, 0, 0, 1732898263, '6b223166-0351-4fae-8d46-536fd05a767e');
INSERT INTO `users` (`user_pk`, `user_name`, `user_last_name`, `user_email`, `user_password`, `user_avatar`, `user_created_at`, `user_deleted_at`, `user_blocked_at`, `user_updated_at`, `user_verified_at`, `user_verification_key`) VALUES
('f8ecacea-cdd5-412e-9b85-7044d52323b9', 'Gregory', '', 'hunterjackson@example.net', 'scrypt:32768:8:1$EV8aktz4oRsH2Cfs$0de201d9990bc2f799990e75dd615ef5f16c9f2223875d9cac8df245ba2a03bd9b209d8b95c41e3829a4670504cf5f441b9abb5d21540f255e1cafd0793b975f', 'profile_43.jpg', 1732898264, 0, 0, 0, 1732898264, '9c2cf9f6-d82c-4c48-ab00-9d894e236dc5'),
('fd321a1c-170c-4779-acc7-8a23fd546c4a', 'Richard', 'Calderon', 'johnsonteresa@example.org', 'scrypt:32768:8:1$OXN1FPVqsaweSOIv$4a484a0f28624103cfdab64ff259e264b88779d8f71ba469998ed0767c05cd138cd7fe5a02dc2a44234326013bfd5a7447449d68d680f45d028483f49a59a19e', 'profile_55.jpg', 1732898263, 0, 0, 0, 0, 'ae6aaa20-fb7e-4acb-9a5e-fa7131c067e6'),
('fdc816d2-d01a-49b4-9b2e-cb48f30bd2ac', 'Joshua', 'Tran', 'nphillips@example.net', 'scrypt:32768:8:1$OXN1FPVqsaweSOIv$4a484a0f28624103cfdab64ff259e264b88779d8f71ba469998ed0767c05cd138cd7fe5a02dc2a44234326013bfd5a7447449d68d680f45d028483f49a59a19e', 'profile_55.jpg', 1732898263, 0, 0, 0, 0, '1583d08c-d3a4-471e-9dbb-27913f78a2d7'),
('fe787096-a6a3-49fd-9b5f-236434ccf1c5', 'Carolyn', 'Thomas', 'pottermary@example.com', 'scrypt:32768:8:1$OXN1FPVqsaweSOIv$4a484a0f28624103cfdab64ff259e264b88779d8f71ba469998ed0767c05cd138cd7fe5a02dc2a44234326013bfd5a7447449d68d680f45d028483f49a59a19e', 'profile_99.jpg', 1732898263, 0, 0, 0, 0, 'eb8be981-8c9c-4651-b1a5-37bf0b1068f9'),
('feb2ab8b-9438-421b-956f-f6e707687575', 'Bonnie', 'Winters', 'brockamanda@example.org', 'scrypt:32768:8:1$OXN1FPVqsaweSOIv$4a484a0f28624103cfdab64ff259e264b88779d8f71ba469998ed0767c05cd138cd7fe5a02dc2a44234326013bfd5a7447449d68d680f45d028483f49a59a19e', 'profile_56.jpg', 1732898263, 0, 0, 0, 0, 'ddb24752-9dcb-4780-895a-187cb8970bd4'),
('ff56a07e-4cc2-4155-9663-c452bbf80266', 'Kathleen', '', 'fedwards@example.org', 'scrypt:32768:8:1$EV8aktz4oRsH2Cfs$0de201d9990bc2f799990e75dd615ef5f16c9f2223875d9cac8df245ba2a03bd9b209d8b95c41e3829a4670504cf5f441b9abb5d21540f255e1cafd0793b975f', 'profile_97.jpg', 1732898264, 0, 0, 0, 1732898264, 'dba0e59a-9153-4ce6-88f5-916cfa970510'),
('fffb987d-846f-464c-b2b7-489609ead01a', 'Michael', 'Parker', 'debra20@example.com', 'scrypt:32768:8:1$OXN1FPVqsaweSOIv$4a484a0f28624103cfdab64ff259e264b88779d8f71ba469998ed0767c05cd138cd7fe5a02dc2a44234326013bfd5a7447449d68d680f45d028483f49a59a19e', 'profile_46.jpg', 1732898263, 0, 0, 0, 1732898263, '9a9f904d-23e0-417a-82a0-a59a944106e1');

-- --------------------------------------------------------

--
-- Struktur-dump for tabellen `users_roles`
--

CREATE TABLE `users_roles` (
  `user_role_user_fk` char(36) NOT NULL,
  `user_role_role_fk` char(36) NOT NULL
) ENGINE=InnoDB DEFAULT CHARSET=utf8mb4 COLLATE=utf8mb4_0900_ai_ci;

--
-- Data dump for tabellen `users_roles`
--

INSERT INTO `users_roles` (`user_role_user_fk`, `user_role_role_fk`) VALUES
('6ccd843f-3cc1-48d9-a1af-240befe53516', '16fd2706-8baf-433b-82eb-8c7fada847da'),
('0127c6d4-539c-4c13-b7b8-3736382f43a6', '9f8c8d22-5a67-4b6c-89d7-58f8b8cb4e15'),
('0297439a-8e99-42d9-966b-98d7207ab861', '9f8c8d22-5a67-4b6c-89d7-58f8b8cb4e15'),
('02fd96df-d20f-4aee-8cdd-61c03f1f94f3', '9f8c8d22-5a67-4b6c-89d7-58f8b8cb4e15'),
('03a7878a-1d43-4e9a-ba49-4bc98a48e591', '9f8c8d22-5a67-4b6c-89d7-58f8b8cb4e15'),
('0bfd34ed-3206-4aa1-9d4d-27c2d197dc60', '9f8c8d22-5a67-4b6c-89d7-58f8b8cb4e15'),
('0c93e9b0-e6c2-4ee7-906c-fd36a0d473cd', '9f8c8d22-5a67-4b6c-89d7-58f8b8cb4e15'),
('0d10d133-daa4-4475-97ce-b79ea4b52e54', '9f8c8d22-5a67-4b6c-89d7-58f8b8cb4e15'),
('0d9d1e67-9cc4-4a96-b41c-5c5e4d258168', '9f8c8d22-5a67-4b6c-89d7-58f8b8cb4e15'),
('0feef8fa-6c52-4578-953f-583ffc867139', '9f8c8d22-5a67-4b6c-89d7-58f8b8cb4e15'),
('1626a4fa-4a55-45a3-8c65-8769acab1529', '9f8c8d22-5a67-4b6c-89d7-58f8b8cb4e15'),
('2413e2e1-0807-4314-977d-69eabc27ea0e', '9f8c8d22-5a67-4b6c-89d7-58f8b8cb4e15'),
('27a86a6f-0271-429c-ad82-a1c7f93580f6', '9f8c8d22-5a67-4b6c-89d7-58f8b8cb4e15'),
('337741e3-ddf8-46a6-a327-550fc3c0f961', '9f8c8d22-5a67-4b6c-89d7-58f8b8cb4e15'),
('378dd9bf-ac7e-4766-a9a2-6799a23e59ac', '9f8c8d22-5a67-4b6c-89d7-58f8b8cb4e15'),
('39843d84-114c-4b39-8afe-d5c4d110f77d', '9f8c8d22-5a67-4b6c-89d7-58f8b8cb4e15'),
('3b3a81c4-2dcc-4b71-91a8-bcab74f02a9d', '9f8c8d22-5a67-4b6c-89d7-58f8b8cb4e15'),
('3d359cc0-5006-4de3-b4c6-2e0ae9d6b70a', '9f8c8d22-5a67-4b6c-89d7-58f8b8cb4e15'),
('444be641-bc62-410e-9d11-264937f6099a', '9f8c8d22-5a67-4b6c-89d7-58f8b8cb4e15'),
('4dba19bb-1e18-451d-9b85-c6aa65cfb30e', '9f8c8d22-5a67-4b6c-89d7-58f8b8cb4e15'),
('4f1d5548-7bce-4680-9756-e17feb528f39', '9f8c8d22-5a67-4b6c-89d7-58f8b8cb4e15'),
('55305bb3-0185-4d36-a972-2c9e89821b27', '9f8c8d22-5a67-4b6c-89d7-58f8b8cb4e15'),
('5e164027-d87b-4c97-8402-a373d5bfb03e', '9f8c8d22-5a67-4b6c-89d7-58f8b8cb4e15'),
('5e67148d-5296-47e9-a8c5-3736104434aa', '9f8c8d22-5a67-4b6c-89d7-58f8b8cb4e15'),
('60468876-7a70-441a-a190-83897ddaee5d', '9f8c8d22-5a67-4b6c-89d7-58f8b8cb4e15'),
('6db1563c-5242-41a4-b0cd-8bd22bc98bfa', '9f8c8d22-5a67-4b6c-89d7-58f8b8cb4e15'),
('72a58587-6af5-4e5f-98cc-a8167f6389af', '9f8c8d22-5a67-4b6c-89d7-58f8b8cb4e15'),
('74ce0c53-7ded-4052-947e-3334b87ceaf5', '9f8c8d22-5a67-4b6c-89d7-58f8b8cb4e15'),
('7e1304ec-255c-4c9e-bd92-dc069a51fd5f', '9f8c8d22-5a67-4b6c-89d7-58f8b8cb4e15'),
('8269a3e9-b64b-4cfd-8495-4b02093bc449', '9f8c8d22-5a67-4b6c-89d7-58f8b8cb4e15'),
('836b8972-f314-456f-8770-5ac853683824', '9f8c8d22-5a67-4b6c-89d7-58f8b8cb4e15'),
('8e3607a2-4c50-428f-a291-1f8ce4b75584', '9f8c8d22-5a67-4b6c-89d7-58f8b8cb4e15'),
('9306e69c-f64f-4ca9-b0cb-2c6ddaf68c22', '9f8c8d22-5a67-4b6c-89d7-58f8b8cb4e15'),
('95b246d2-dc8d-44d8-9b82-24d1194b3f09', '9f8c8d22-5a67-4b6c-89d7-58f8b8cb4e15'),
('997fde5a-c76a-457c-83d0-8f4767178e45', '9f8c8d22-5a67-4b6c-89d7-58f8b8cb4e15'),
('9ddbd265-8daf-49df-a556-4b89a7e22a72', '9f8c8d22-5a67-4b6c-89d7-58f8b8cb4e15'),
('a139dabe-691b-4d42-b9aa-2fe1ee4d476f', '9f8c8d22-5a67-4b6c-89d7-58f8b8cb4e15'),
('ac27339e-529b-4888-8557-8df897e49a60', '9f8c8d22-5a67-4b6c-89d7-58f8b8cb4e15'),
('b0dd754a-91ee-45db-aa9c-4740716582a6', '9f8c8d22-5a67-4b6c-89d7-58f8b8cb4e15'),
('b57fb801-8d8d-42c6-8c39-b966fac70cc3', '9f8c8d22-5a67-4b6c-89d7-58f8b8cb4e15'),
('bfd5d131-da48-4c4e-a47d-ba872d60572e', '9f8c8d22-5a67-4b6c-89d7-58f8b8cb4e15'),
('c724567b-6538-40fe-8b0b-9e2037a46997', '9f8c8d22-5a67-4b6c-89d7-58f8b8cb4e15'),
('ca84011a-7be7-4eda-9c04-fccee0ad02ea', '9f8c8d22-5a67-4b6c-89d7-58f8b8cb4e15'),
('cc71c2fa-1ae9-44b4-9589-90e00787ac42', '9f8c8d22-5a67-4b6c-89d7-58f8b8cb4e15'),
('d3a2fb5a-f693-412a-8536-e8cf6adac7c4', '9f8c8d22-5a67-4b6c-89d7-58f8b8cb4e15'),
('d9451ecc-2450-4d1f-aade-419085117691', '9f8c8d22-5a67-4b6c-89d7-58f8b8cb4e15'),
('dc47e3e3-38be-468c-9e02-2c4f7309abfa', '9f8c8d22-5a67-4b6c-89d7-58f8b8cb4e15'),
('dccbe4cd-10b7-43b4-b736-edf8d6df3c4e', '9f8c8d22-5a67-4b6c-89d7-58f8b8cb4e15'),
('ddb425fa-af52-409b-9e15-ee15944e6ee5', '9f8c8d22-5a67-4b6c-89d7-58f8b8cb4e15'),
('e38d6471-de53-4a4e-a926-d521f064632f', '9f8c8d22-5a67-4b6c-89d7-58f8b8cb4e15'),
('f8ecacea-cdd5-412e-9b85-7044d52323b9', '9f8c8d22-5a67-4b6c-89d7-58f8b8cb4e15'),
('ff56a07e-4cc2-4155-9663-c452bbf80266', '9f8c8d22-5a67-4b6c-89d7-58f8b8cb4e15'),
('0720e1bb-a71b-4e9b-80b6-66b961c2d662', 'c56a4180-65aa-42ec-a945-5fd21dec0538'),
('1175d60b-5cf1-489e-a042-22d9227f6850', 'c56a4180-65aa-42ec-a945-5fd21dec0538'),
('1313d1e8-03cf-43d2-ab40-189438f946bc', 'c56a4180-65aa-42ec-a945-5fd21dec0538'),
('1665c2cb-051c-442f-8de6-1d93309f7697', 'c56a4180-65aa-42ec-a945-5fd21dec0538'),
('1c22145b-0656-484a-baff-8ceeb9196616', 'c56a4180-65aa-42ec-a945-5fd21dec0538'),
('2854f43d-d1d6-43f6-9dc8-ed44f39f5f4f', 'c56a4180-65aa-42ec-a945-5fd21dec0538'),
('29bb46e7-7131-49dd-8cd4-77ac8759fab9', 'c56a4180-65aa-42ec-a945-5fd21dec0538'),
('2ac0fa4c-b257-4f4e-9088-4c25d5c5b5ac', 'c56a4180-65aa-42ec-a945-5fd21dec0538'),
('2b58656b-ac2a-483e-9454-3ac03a0bcc8d', 'c56a4180-65aa-42ec-a945-5fd21dec0538'),
('308ccfb8-7908-4502-b4ca-e5f366583b45', 'c56a4180-65aa-42ec-a945-5fd21dec0538'),
('34cade4f-a492-46e9-b751-d33f0c113938', 'c56a4180-65aa-42ec-a945-5fd21dec0538'),
('36c8683f-c5b8-4a07-95fb-40b9b5d82e0a', 'c56a4180-65aa-42ec-a945-5fd21dec0538'),
('39927fdb-d640-463e-bee2-8614e2cf1111', 'c56a4180-65aa-42ec-a945-5fd21dec0538'),
('39de9fb5-1e88-4913-b9c1-5eba75e71b67', 'c56a4180-65aa-42ec-a945-5fd21dec0538'),
('3dccfd6d-eb66-483b-90dc-8edb30a7e291', 'c56a4180-65aa-42ec-a945-5fd21dec0538'),
('4218788d-03b7-4812-bd7d-31c8859e92d8', 'c56a4180-65aa-42ec-a945-5fd21dec0538'),
('44165742-abb7-4dd3-81a5-0da68824c159', 'c56a4180-65aa-42ec-a945-5fd21dec0538'),
('4882e610-f9d4-4dec-8962-87b1dcb53a27', 'c56a4180-65aa-42ec-a945-5fd21dec0538'),
('4d64c5e1-d909-4436-b54c-cc7572bf1f6a', 'c56a4180-65aa-42ec-a945-5fd21dec0538'),
('520e5b61-0063-4a0d-9da8-ce5b810cea59', 'c56a4180-65aa-42ec-a945-5fd21dec0538'),
('59c0fd2f-986c-4be9-b319-bacbd1096be9', 'c56a4180-65aa-42ec-a945-5fd21dec0538'),
('60d3b4b0-4008-41d8-b4ff-0850573a0546', 'c56a4180-65aa-42ec-a945-5fd21dec0538'),
('6703801b-639d-45a8-8d9d-74916bdf6553', 'c56a4180-65aa-42ec-a945-5fd21dec0538'),
('6a9c3207-0e9f-4c30-9a34-82a40e5541c2', 'c56a4180-65aa-42ec-a945-5fd21dec0538'),
('6dd7ad16-0cdf-44bf-ab4f-8fb621096370', 'c56a4180-65aa-42ec-a945-5fd21dec0538'),
('752634c4-29c2-4dd5-b15d-5ac7e6132e7b', 'c56a4180-65aa-42ec-a945-5fd21dec0538'),
('8024e7c2-429f-4291-b9fb-039a2309a808', 'c56a4180-65aa-42ec-a945-5fd21dec0538'),
('8530125a-198b-441b-a428-d2581c7745c2', 'c56a4180-65aa-42ec-a945-5fd21dec0538'),
('87e34ab8-d939-447a-a51d-332fe67d6c9c', 'c56a4180-65aa-42ec-a945-5fd21dec0538'),
('8fc93ccb-a294-4907-9459-1f051b75c4d7', 'c56a4180-65aa-42ec-a945-5fd21dec0538'),
('9c77853d-8a95-43b8-ad79-ae8a055ebd40', 'c56a4180-65aa-42ec-a945-5fd21dec0538'),
('a091752e-4229-42e3-a747-9c46bdc0b775', 'c56a4180-65aa-42ec-a945-5fd21dec0538'),
('a36975ac-f14f-4926-bc39-dde3a2b2e367', 'c56a4180-65aa-42ec-a945-5fd21dec0538'),
('a8ac818d-2515-4e91-9497-b378618a93df', 'c56a4180-65aa-42ec-a945-5fd21dec0538'),
('ab5fd41f-b3f7-4a34-966c-f31794d739ab', 'c56a4180-65aa-42ec-a945-5fd21dec0538'),
('b4da09d1-0fc6-4b6e-9d17-a6f73dbba97f', 'c56a4180-65aa-42ec-a945-5fd21dec0538'),
('b69e00a2-eaf4-45cb-af92-f6ff987206e7', 'c56a4180-65aa-42ec-a945-5fd21dec0538'),
('b8947cec-d784-4c39-9451-d645018b2582', 'c56a4180-65aa-42ec-a945-5fd21dec0538'),
('ba0782bc-e038-46e8-808b-0457bcd3a893', 'c56a4180-65aa-42ec-a945-5fd21dec0538'),
('bea7ab82-4505-4b57-8324-093d19a8837b', 'c56a4180-65aa-42ec-a945-5fd21dec0538'),
('c140db89-56f5-4bed-924b-f9b62576cd1c', 'c56a4180-65aa-42ec-a945-5fd21dec0538'),
('c89d7fe9-2b5f-4e98-8b42-b3b081ba9395', 'c56a4180-65aa-42ec-a945-5fd21dec0538'),
('c9baba47-b588-4ea4-8c61-f29ef1d89818', 'c56a4180-65aa-42ec-a945-5fd21dec0538'),
('cc3e0ba5-a447-4d80-bab4-3f34eb6784f2', 'c56a4180-65aa-42ec-a945-5fd21dec0538'),
('d576029a-5d99-4348-baf9-e803405cb1b6', 'c56a4180-65aa-42ec-a945-5fd21dec0538'),
('d7e77fc2-e6e9-4113-a306-3d10a9ee20d9', 'c56a4180-65aa-42ec-a945-5fd21dec0538'),
('dca3a917-c40a-4760-8df7-aef2c6aaf17b', 'c56a4180-65aa-42ec-a945-5fd21dec0538'),
('e15fd311-d441-438f-852b-f75b19da143f', 'c56a4180-65aa-42ec-a945-5fd21dec0538'),
('e312d1f2-6073-4173-89a5-77b886158327', 'c56a4180-65aa-42ec-a945-5fd21dec0538'),
('e58b1d96-6a06-4357-9220-b1d1f7aa9b74', 'c56a4180-65aa-42ec-a945-5fd21dec0538'),
('f10a72f7-a28e-4828-b232-08f8c94d974a', 'c56a4180-65aa-42ec-a945-5fd21dec0538'),
('0486d93c-ebc4-408e-a49f-4e462260eb13', 'f47ac10b-58cc-4372-a567-0e02b2c3d479'),
('04fbeb6b-da57-482b-ac70-18ad34656560', 'f47ac10b-58cc-4372-a567-0e02b2c3d479'),
('090b2d5c-bc3a-413d-aa90-5c10b3605ace', 'f47ac10b-58cc-4372-a567-0e02b2c3d479'),
('0fb0e6da-064b-4aa7-84f5-48b3e44176ac', 'f47ac10b-58cc-4372-a567-0e02b2c3d479'),
('11acafe0-7b6c-4920-8794-4598ec82fa61', 'f47ac10b-58cc-4372-a567-0e02b2c3d479'),
('12b64dda-9ada-4ec9-80fc-fa61c9f4969d', 'f47ac10b-58cc-4372-a567-0e02b2c3d479'),
('1bd8fb9e-5445-40a0-b991-67d0e0366df3', 'f47ac10b-58cc-4372-a567-0e02b2c3d479'),
('20b53c84-9928-4df7-9936-1e7983613127', 'f47ac10b-58cc-4372-a567-0e02b2c3d479'),
('23fbd504-261c-4adf-a062-572317989a64', 'f47ac10b-58cc-4372-a567-0e02b2c3d479'),
('3b2bc7a8-150f-4f8b-92a4-459ad40da00b', 'f47ac10b-58cc-4372-a567-0e02b2c3d479'),
('3c84a11b-3590-484b-989e-fa8c7f45054c', 'f47ac10b-58cc-4372-a567-0e02b2c3d479'),
('43e6bff9-9890-499c-ba47-bd0a06b32b26', 'f47ac10b-58cc-4372-a567-0e02b2c3d479'),
('44f01dce-7e68-440a-b32e-af81133b0a20', 'f47ac10b-58cc-4372-a567-0e02b2c3d479'),
('46ec188b-7cb4-423d-941b-3d07ffac68ab', 'f47ac10b-58cc-4372-a567-0e02b2c3d479'),
('4e10aa86-25ab-4807-875c-a5255a4ba151', 'f47ac10b-58cc-4372-a567-0e02b2c3d479'),
('4f09e06a-7c7a-43cf-8b8b-a78900f43837', 'f47ac10b-58cc-4372-a567-0e02b2c3d479'),
('552d5c82-4370-4530-93b5-0653a6c8c950', 'f47ac10b-58cc-4372-a567-0e02b2c3d479'),
('55598c3e-9fc4-460e-acb5-74dd5e838788', 'f47ac10b-58cc-4372-a567-0e02b2c3d479'),
('572f0139-60fa-42ca-861b-697ef9dcba40', 'f47ac10b-58cc-4372-a567-0e02b2c3d479'),
('57e67d08-3ade-4fb6-82f9-f0151daf9ff1', 'f47ac10b-58cc-4372-a567-0e02b2c3d479'),
('5eefd019-5828-4f76-b8b0-f049d2ad5bdd', 'f47ac10b-58cc-4372-a567-0e02b2c3d479'),
('609c598e-236b-46c7-ad47-330b83829d69', 'f47ac10b-58cc-4372-a567-0e02b2c3d479'),
('628ffdc9-6fa5-4f58-b97c-ed5643ba99c9', 'f47ac10b-58cc-4372-a567-0e02b2c3d479'),
('695beadc-f9a4-4223-b05f-8e088a362902', 'f47ac10b-58cc-4372-a567-0e02b2c3d479'),
('6a1dc9b5-591c-4f6f-aa4f-b0c2c9a63d5c', 'f47ac10b-58cc-4372-a567-0e02b2c3d479'),
('6dd1b4d2-206c-4bb6-b030-fadc5ab196b4', 'f47ac10b-58cc-4372-a567-0e02b2c3d479'),
('6f0b7113-df6f-4ab4-b8e4-137ef840578b', 'f47ac10b-58cc-4372-a567-0e02b2c3d479'),
('75a71c40-0d26-4060-8e6d-d056c5d9bae0', 'f47ac10b-58cc-4372-a567-0e02b2c3d479'),
('879ad707-f3f6-48ad-88c8-82878b1c3328', 'f47ac10b-58cc-4372-a567-0e02b2c3d479'),
('8b96ecc4-0031-47dd-89d3-684990f3b584', 'f47ac10b-58cc-4372-a567-0e02b2c3d479'),
('92a6fdc0-c1ff-4107-b8e0-282df0553f33', 'f47ac10b-58cc-4372-a567-0e02b2c3d479'),
('a48a0c1a-3766-47a8-8209-8853d5f22634', 'f47ac10b-58cc-4372-a567-0e02b2c3d479'),
('b02a5218-224e-4941-8cd1-9fc07351ea2e', 'f47ac10b-58cc-4372-a567-0e02b2c3d479'),
('b3241255-3e64-4633-8574-f6d6ade61730', 'f47ac10b-58cc-4372-a567-0e02b2c3d479'),
('b3c10408-08de-4cd2-a718-dc1c75f50bf3', 'f47ac10b-58cc-4372-a567-0e02b2c3d479'),
('b5a5586f-507c-4cb4-81bf-2e23b3204564', 'f47ac10b-58cc-4372-a567-0e02b2c3d479'),
('be81e923-965c-4443-a421-9423c0cb4bc8', 'f47ac10b-58cc-4372-a567-0e02b2c3d479'),
('c11a356c-9cd4-4516-bc31-4cc12bc48bed', 'f47ac10b-58cc-4372-a567-0e02b2c3d479'),
('c2e8d5ad-1c2b-4432-8c30-f83e95d0a856', 'f47ac10b-58cc-4372-a567-0e02b2c3d479'),
('cc58e855-3171-4929-9574-0f0a20f0035e', 'f47ac10b-58cc-4372-a567-0e02b2c3d479'),
('d2061b05-9b02-4464-b048-77abc1d3ff84', 'f47ac10b-58cc-4372-a567-0e02b2c3d479'),
('dabdc789-067d-4cc8-95ae-22c3589d853b', 'f47ac10b-58cc-4372-a567-0e02b2c3d479'),
('e0995dd4-bbb1-49fe-99d4-930f8279b278', 'f47ac10b-58cc-4372-a567-0e02b2c3d479'),
('e3a42926-6392-45ce-8816-35acaae87b07', 'f47ac10b-58cc-4372-a567-0e02b2c3d479'),
('f6d87639-4c41-47e5-ad53-c21761db9453', 'f47ac10b-58cc-4372-a567-0e02b2c3d479'),
('f7e9493c-6f5b-4164-a326-3b7499ee2839', 'f47ac10b-58cc-4372-a567-0e02b2c3d479'),
('fd321a1c-170c-4779-acc7-8a23fd546c4a', 'f47ac10b-58cc-4372-a567-0e02b2c3d479'),
('fdc816d2-d01a-49b4-9b2e-cb48f30bd2ac', 'f47ac10b-58cc-4372-a567-0e02b2c3d479'),
('fe787096-a6a3-49fd-9b5f-236434ccf1c5', 'f47ac10b-58cc-4372-a567-0e02b2c3d479'),
('feb2ab8b-9438-421b-956f-f6e707687575', 'f47ac10b-58cc-4372-a567-0e02b2c3d479'),
('fffb987d-846f-464c-b2b7-489609ead01a', 'f47ac10b-58cc-4372-a567-0e02b2c3d479');

--
-- Begrænsninger for dumpede tabeller
--

--
-- Indeks for tabel `items`
--
ALTER TABLE `items`
  ADD PRIMARY KEY (`item_pk`),
  ADD KEY `item_user_fk` (`item_user_fk`);

--
-- Indeks for tabel `roles`
--
ALTER TABLE `roles`
  ADD PRIMARY KEY (`role_pk`),
  ADD UNIQUE KEY `role_name` (`role_name`);

--
-- Indeks for tabel `users`
--
ALTER TABLE `users`
  ADD PRIMARY KEY (`user_pk`),
  ADD UNIQUE KEY `user_email` (`user_email`);

--
-- Indeks for tabel `users_roles`
--
ALTER TABLE `users_roles`
  ADD PRIMARY KEY (`user_role_user_fk`,`user_role_role_fk`),
  ADD KEY `user_role_role_fk` (`user_role_role_fk`);

--
-- Begrænsninger for dumpede tabeller
--

--
-- Begrænsninger for tabel `items`
--
ALTER TABLE `items`
  ADD CONSTRAINT `items_ibfk_1` FOREIGN KEY (`item_user_fk`) REFERENCES `users` (`user_pk`) ON DELETE CASCADE ON UPDATE RESTRICT;

--
-- Begrænsninger for tabel `users_roles`
--
ALTER TABLE `users_roles`
  ADD CONSTRAINT `users_roles_ibfk_1` FOREIGN KEY (`user_role_user_fk`) REFERENCES `users` (`user_pk`) ON DELETE CASCADE ON UPDATE RESTRICT,
  ADD CONSTRAINT `users_roles_ibfk_2` FOREIGN KEY (`user_role_role_fk`) REFERENCES `roles` (`role_pk`) ON DELETE CASCADE ON UPDATE RESTRICT;
COMMIT;

/*!40101 SET CHARACTER_SET_CLIENT=@OLD_CHARACTER_SET_CLIENT */;
/*!40101 SET CHARACTER_SET_RESULTS=@OLD_CHARACTER_SET_RESULTS */;
/*!40101 SET COLLATION_CONNECTION=@OLD_COLLATION_CONNECTION */;
